person_id,description
0001,"female, sleeveless dress, light beige, barefoot, long dark hair, no visible accessories"
0002,"male, red t-shirt, blue denim shorts, dark-colored sneakers, black backpack, no visible glasses, no visible hat"
0003,"female, black short-sleeved top, olive green shorts, barefoot, white crossbody bag"
0004,"male, red t-shirt, black shorts, black sneakers, black backpack"
0005,"male, short-sleeved t-shirt, striped pattern, dark gray, blue shorts, red and white side stripes, flip-flops, no visible accessories, no backpack, no glasses, no hat"
0006,"male, white t-shirt, light gray shorts, brown sandals, backpack, glasses"
0007,"male, t-shirt, gray, shorts, dark blue, sneakers, red, shoulder bag, no glasses, no hat"
0008,"female, white t-shirt with panda graphic, green shorts, brown shoes, no visible backpack, no visible glasses, no visible hat"
0009,"female, white t-shirt, dark blue shorts, white sneakers, black backpack, no visible glasses, no visible hat"
0010,"female, red short-sleeved top, blue ruffled skirt, blue high-heeled shoes, white shoulder bag, long dark hair in ponytail, no visible glasses or hat"
0011,"female, red short-sleeved t-shirt, light gray shorts, white sneakers, red backpack"
0012,"male, short-sleeved t-shirt, dark shorts, black sneakers, balding head, no visible backpack, no visible glasses, no visible hat"
0013,"male, striped shirt, purple and white, dark pants, sandals, no visible backpack, no visible glasses, no visible hat"
0014,"male, dark-colored short-sleeved shirt, dark-colored shorts, dark-colored footwear, red backpack, no visible glasses, no visible hat"
0015,"male, purple short-sleeved shirt, gray pants, white cap, dark shoes, red bag on bicycle handlebars"
0016,"male, white t-shirt, black shorts, gray sneakers, black backpack, no visible glasses, no visible hat"
0017,"female, t-shirt, green, shorts, green, flip-flops, backpack, no glasses, no hat"
0018,"female, purple short-sleeved top, blue jeans, dark-colored boots, carrying two striped handbags, no visible glasses or hat"
0019,"female, red short-sleeved top, dark patterned skirt, light brown sandals, red backpack with white stripe, no visible glasses or hat"
0020,"male, dark-colored short-sleeved shirt, dark-colored shorts, flip-flops, no visible backpack, no visible glasses, no visible hat"
0021,"male, dark-colored t-shirt, dark-colored shorts, dark-colored sneakers, red backpack, dark-colored cap, no visible glasses"
0022,"male, white t-shirt with black graphic, dark blue jeans, white sneakers, black backpack with green water bottle, no glasses, no hat"
0023,"male, striped polo shirt, white trousers, dark shoes, carrying black briefcase, no visible glasses or hat"
0024,"female, polo shirt, purple, jeans, pink sneakers, no visible accessories, no glasses, no hat, no backpack"
0025,"male, short-sleeved button-up shirt, purple, jeans, dark-colored casual shoes, no visible accessories, no glasses, no hat, no backpack"
0026,"female, short-sleeved polo shirt, purple, black pants, white sneakers, no visible accessories, no glasses, no hat, no backpack"
0027,"female, short-sleeved polo shirt, purple, black pants, red and white sneakers, no visible accessories, no glasses, no hat, no backpack"
0028,"female, polo shirt, purple, pants, black, white sneakers, no visible accessories"
0029,"female, light brown long-sleeved shirt, dark pants, no visible footwear, no visible accessories"
0030,"male, blue t-shirt, dark shorts, white sneakers, no visible backpack, no visible glasses, no visible hat"
0031,"male, light gray short-sleeved shirt, light beige pants, dark shoes, black backpack, no visible glasses, no visible hat"
0032,"female, white long-sleeved shirt, light green vest, dark gray capri pants, white sneakers, brown backpack, no visible glasses, no visible hat"
0033,"male, red short-sleeved shirt, black shorts, white sneakers, black backpack, no visible glasses, no visible hat"
0034,"male, short-sleeved striped t-shirt, dark grey trousers, dark grey sneakers, dark-rimmed glasses, dark cap, no visible backpack"
0035,"male, short-sleeved shirt, white, trousers, black, sneakers, red, no glasses, no hat, no backpack, no visible accessories"
0036,"female, white t-shirt with black graphic, black shorts, white sneakers, blue backpack, dark hair in ponytail, no visible glasses, no visible hat"
0037,"male, dark t-shirt, dark pants, dark shoes, light blue baseball cap, dark backpack"
0038,"female, white t-shirt, light gray shorts, red and white sneakers, no visible accessories, no visible hat or glasses"
0039,"male, patterned short-sleeve shirt, dark pants, brown shoes, backpack, no visible glasses, no visible hat"
0040,"male, light gray short-sleeved shirt, dark pants, dark shoes, no visible backpack, no visible glasses, no visible hat"
0041,"male, striped polo shirt, blue and white horizontal stripes, blue jeans, green and white sneakers, black backpack, glasses, short dark hair"
0042,"male, yellow t-shirt, dark blue shorts, white sneakers, black backpack"
0043,"female, black short-sleeved top, black capri pants, black flat shoes, red handbag, white tote bag, no visible glasses, no visible hat, no visible backpack"
0044,"male, striped shirt, red and white stripes, denim shorts, dark-colored shoes, backpack, no glasses, no hat"
0045,"male, white short-sleeved t-shirt, khaki shorts, black shoes, no visible accessories, no backpack, no glasses, no hat"
0046,"female, striped short-sleeve shirt, black capri pants, brown sandals, backpack with red and white stripes, dark hair, hand near face, carrying a black bag with white logo"
0047,"male, gray t-shirt, black shorts, sandals, glasses"
0048,"male, white short-sleeved shirt, black trousers, brown shoes, no visible accessories, no glasses, no hat, no backpack"
0049,"female, green dress, brown sandals, shoulder bag, glasses"
0050,"female, black short-sleeved t-shirt with pink graphic, blue jeans, pink sneakers, white tote bag, dark hair tied back, no visible glasses or hat, no backpack"
0051,"female, short-sleeved t-shirt, light green, shorts, light pink, socks, white sneakers, hair tied back, no visible accessories"
0052,"male, red short-sleeved shirt, gray pants, dark-colored shoes, glasses, carrying a green and white bag over the shoulder"
0053,"male, dark blue t-shirt, gray shorts, dark-colored sandals, black backpack, no visible glasses, no visible hat"
0054,"male, dark short-sleeved shirt, dark trousers, dark shoes, no visible backpack, no visible glasses, no visible hat"
0055,"male, yellow t-shirt, dark blue shorts, dark-colored sneakers, black cap, no visible glasses, no visible backpack"
0056,"female, white blouse, black skirt, flip flops, backpack, long hair in ponytail"
0057,"male, light gray short-sleeved shirt, dark shorts, dark shoes, backpack, no visible glasses or hat"
0058,"female, white t-shirt, green shorts, flip-flops, shoulder bag"
0059,"male, red short-sleeved shirt, dark shorts, red sneakers, blue backpack"
0060,"female, white t-shirt, blue jeans, flip flops, teal backpack, dark hair in ponytail, no glasses, no hat"
0061,"male, gray t-shirt, black shorts, flip-flops, no visible accessories, no hat, no glasses, no backpack"
0062,"female, dress, light gray, white sneakers, headband, no backpack, no glasses, no visible hat"
0063,"female, white short-sleeved shirt, black pants, white sneakers, brown shoulder bag"
0064,"female, purple short-sleeved top, black pants, white sneakers, red shoulder bag, no visible glasses, no visible hat, no visible backpack"
0065,"female, dress, multicolored floral pattern, teal sneakers, black backpack, no visible glasses, no visible hat"
0066,"female, white short-sleeved top, gray shorts, flip-flops, bright yellow shoulder bag, dark hair, no visible glasses, no visible hat, no visible backpack"
0067,"male, tank top, gray, shorts, dark blue, sneakers, teal, no backpack, no glasses, no hat"
0068,"male, t-shirt, green, shorts, brown, sneakers, red, no glasses, no hat, no backpack"
0069,"male, gray t-shirt, beige shorts, brown sandals, black backpack"
0070,"male, yellow t-shirt, gray pants, white sneakers, no visible accessories, no hat, no glasses, no backpack"
0071,"male, yellow t-shirt, dark pants, no visible footwear, backpack, no visible glasses, no visible hat"
0072,"female, tank top, light gray, shorts, white, flip flops, backpack, dark brown, no glasses, no hat"
0073,"female, gray t-shirt, blue jeans, white cap, light-colored slip-on shoes, no visible backpack, no visible glasses"
0074,"male, gray long-sleeved shirt, gray pants, gray shoes, no visible accessories, no hat, no glasses, no backpack"
0075,"female, short-sleeved shirt, red, pants, black, sneakers, backpack, dark-colored, no glasses, no hat"
0076,"male, short-sleeved shirt, purple, shorts, gray, sandals, no visible accessories, balding, carrying black bag"
0077,"male, short-sleeved uniform shirt, gray, trousers, black, cap, no visible backpack, no visible glasses, no visible visible accessories"
0078,"male, gray t-shirt, black shorts, flip-flops, no visible accessories, no hat, no glasses, no backpack"
0079,"male, black t-shirt, dark shorts, white sneakers, black backpack"
0080,"male, gray t-shirt, black shorts, barefoot, no visible accessories, no hat, no glasses, no backpack"
0081,"male, t-shirt, light green, shorts, black, sneakers, backpack, no glasses, no hat"
0082,"male, white t-shirt, camouflage shorts, white sneakers, glasses, no visible backpack, no visible hat"
0083,"female, light-colored short-sleeved shirt, dark-colored shorts, dark-colored shoes, backpack, long hair, no visible glasses, no visible hat"
0084,"female, white short-sleeved shirt, dark green pants, dark-colored shoes, long dark hair, no visible backpack, no visible glasses, no visible hat"
0085,"female, white short-sleeved shirt, dark brown or black pants, pink shoulder bag, no visible footwear, long dark hair, no visible glasses or hat"
0086,"female, tank top, light gray, shorts, dark gray, flip flops, no visible accessories, no glasses, no hat, no backpack"
0087,"female, white t-shirt, dark shorts, no visible footwear, no visible accessories"
0088,"male, black tank top, khaki shorts, flip flops, backpack, sunglasses, cap"
0089,"female, short-sleeved polo shirt, purple, jeans, pink sneakers, no visible accessories, no glasses, no hat, no backpack"
0090,"male, teal short-sleeved shirt, grayish pants, dark shoes, black cap, no visible backpack, no visible glasses"
0091,"female, light gray dress, flat sandals, pink shoulder bag, long dark hair, no glasses, no hat, no backpack"
0092,"male, short-sleeved button-up shirt, light pink, dark trousers, dark shoes, no visible accessories, no glasses, no hat, no backpack"
0093,"female, short-sleeved polo shirt, purple, black pants, light-colored flat shoes, dark hair tied back, carrying a patterned tote bag, no visible glasses or backpack"
0094,"male, dark short-sleeved shirt, dark pants, dark shoes, backpack, no glasses, no hat"
0095,"female, white short-sleeved shirt, light blue jeans, white sneakers, black backpack"
0096,"female, short-sleeved dress, dark with light floral pattern, red flat shoes, black handbag, no visible glasses, no visible hat"
0097,"female, t-shirt, grey, track pants, red stripe, sneakers, backpack, no glasses, no hat"
0098,"female, white t-shirt, dark blue shorts, dark-colored shoes, backpack"
0099,"male, dark t-shirt, light-colored shorts, dark shoes, no visible backpack, no visible glasses, no visible hat"
0100,"male, maroon short-sleeved shirt, dark blue shorts, brown sandals, backpack, glasses"
0101,"female, short-sleeved top, purple floral pattern, grey pleated skirt, red flat shoes, dark-colored tote bag, long dark hair tied back, no visible glasses or hat"
0102,"female, red sleeveless top, dark blue jeans, dark-colored shoes, black backpack, dark-colored cap"
0103,"female, short-sleeved t-shirt, black and white, patterned leggings, light brown sandals, no visible backpack, no visible glasses, no visible hat"
0104,"female, short-sleeved top, light gray and white striped, shorts, light gray and white striped, flip flops, no visible backpack, no visible glasses, no visible hat"
0105,"male, red short-sleeved polo shirt, grey trousers, dark-colored shoes, no visible accessories, balding head"
0106,"male, plaid short-sleeved shirt, gray shorts, white sneakers, shoulder bag"
0107,"female, white short-sleeved top, black pleated skirt, pink flat shoes, no visible accessories, no backpack, no glasses, no hat"
0108,"male, gray t-shirt, dark shorts, brown shoes, glasses"
0109,"female, light green short-sleeved t-shirt, dark blue denim shorts, white sneakers, dark hair in a ponytail, no visible accessories, no glasses, no hat, no backpack"
0110,"male, yellow t-shirt, black shorts, green and white sneakers, no visible accessories, no hat, no glasses, no backpack"
0111,"male, white t-shirt, black shorts, dark-colored shoes, no visible backpack, no visible glasses, no visible hat"
0112,"male, short-sleeved jersey, black and yellow stripes, dark green shorts, sandals, no visible accessories, no hat, no glasses, no backpack"
0113,"female, short-sleeved shirt, multicolored pattern, black capri pants, barefoot, carrying a green bag, carrying a red bag, no visible glasses, no visible hat"
0114,"female, short-sleeved t-shirt, teal, black skirt, sandals, backpack, no glasses, no hat"
0115,"male, green t-shirt, light gray shorts, white sneakers, black backpack, no glasses, no hat"
0116,"male, t-shirt, blue, shorts, sandals, no accessories"
0117,"male, green t-shirt, dark green shorts, no visible footwear, no visible accessories"
0118,"female, t-shirt, green shorts, sandals, no visible accessories"
0119,"male, yellow shirt, dark shorts, dark shoes, black backpack"
0120,"female, pink short-sleeved blouse, black capri pants, sandals, no visible accessories, no glasses, no hat"
0121,"male, checkered shirt, black shorts, flip flops, no visible backpack, no visible glasses, no visible hat"
0122,"female, sleeveless top, light gray, shorts, light gray, sandals, red backpack"
0123,"male, dark blue short-sleeved shirt, dark blue or black trousers, dark-colored sneakers with yellow accents, backpack, no visible glasses or hat"
0124,"male, light-colored short-sleeved shirt, dark-colored pants, dark-colored footwear, no visible backpack, no visible glasses, no visible hat"
0125,"male, short-sleeved shirt, light green and white, dark shorts, flip flops, no visible backpack, no visible glasses, no visible hat"
0126,"male, white t-shirt, dark shorts, no visible footwear, black backpack"
0127,"male, short-sleeved t-shirt, teal, shorts, black, sneakers, no visible accessories, no glasses, no hat"
0128,"female, white short-sleeved t-shirt, light gray capri pants, brown flat shoes, pink shoulder bag"
0129,"male, dark-colored t-shirt, dark-colored shorts, sandals, backpack, cap"
0130,"female, black short-sleeved top, black leggings, light brown flat shoes, white Mickey Mouse graphic on top, no visible backpack, no visible glasses, no visible hat"
0131,"male, short-sleeved shirt, dark grey, white stripe on sleeves, dark pants, no visible footwear, no visible accessories, no glasses, no hat, no backpack"
0132,"male, green t-shirt, beige shorts, white sneakers, black backpack, no visible glasses, no visible hat"
0133,"male, green t-shirt, blue jeans, pink sneakers, black shoulder bag, black cap, no glasses"
0134,"male, black t-shirt, dark pants, no visible footwear, no visible accessories"
0135,"male, striped polo shirt, pink and white stripes, dark shorts, dark sneakers, teal baseball cap, backpack, no visible glasses"
0136,"female, short-sleeved shirt, pink, shorts, pink, sandals, hair tied back, no visible backpack, no visible glasses, no visible hat"
0137,"male, short-sleeved button-up shirt, light-colored, dark trousers, dark shoes, no visible accessories, no glasses, no hat, no backpack"
0138,"male, gray t-shirt, khaki shorts, white socks, dark-colored sneakers, black backpack"
0139,"male, dark grey t-shirt with horizontal stripe, dark grey trousers, dark grey shoes, black cap, dark brown backpack, no visible glasses"
0140,"female, tank top, dark brown, skirt, dark brown, sandals, backpack"
0141,"male, white short-sleeved shirt, dark shorts, dark shoes, backpack"
0142,"female, short-sleeved t-shirt, light green, shorts, beige, barefoot, blue shoulder bag, long dark hair, braided, no glasses, no hat, no backpack"
0143,"male, teal hoodie, dark shorts, sandals, backpack"
0144,"female, white t-shirt, dark shorts, flip-flops, crossbody bag, long dark hair, no glasses, no hat, no backpack"
0145,"female, white t-shirt, black shorts, sandals, black crossbody bag"
0146,"male, t-shirt, teal, shorts, beige, flip-flops, backpack, black, no glasses, no hat"
0147,"female, purple t-shirt, patterned shorts, flat shoes, shoulder bag"
0148,"female, short-sleeved shirt, yellow skirt, white sneakers, red shoulder bag, long dark hair, no glasses, no hat, no backpack"
0149,"male, short-sleeved t-shirt, light green, cargo pants, brown shoes, no visible accessories, no hat, no glasses, no backpack"
0150,"male, white t-shirt, black shorts, brown shoes, no visible accessories, no glasses, no hat, no backpack"
0151,"female, striped shirt, blue shorts, sandals, backpack, no glasses, no hat"
0152,"male, white t-shirt, blue jeans, red shoes, teal backpack, glasses"
0153,"male, white short-sleeved shirt, black trousers, dark-colored shoes, no visible backpack, no visible glasses, no visible hat"
0154,"male, light gray t-shirt, dark blue jeans, no visible footwear, no visible accessories"
0155,"male, blue polo shirt, dark shorts, flip flops, black cap, no visible backpack, no visible glasses"
0156,"male, long-sleeved shirt, black and white, dark pants, dark shoes, no visible backpack, no visible glasses, no visible hat"
0157,"male, white t-shirt, dark shorts, dark flip-flops, no visible backpack, no visible glasses, no visible hat"
0158,"female, long-sleeved top, blue, black pants, white sneakers, dark hair, no visible accessories, no glasses, no hat, no backpack"
0159,"male, dark grey t-shirt, grey shorts, black sneakers, black backpack, no visible glasses, no visible hat"
0160,"female, white t-shirt, dark blue shorts, barefoot, orange shoulder bag, pink plastic bag, black bag"
0161,"male, green t-shirt, dark blue shorts with white stripe, black sneakers, backpack, no glasses, no hat"
0162,"female, dress, light pink, cardigan, beige, cap, sunglasses, sandals"
0163,"male, gray t-shirt, light gray pants, white sneakers, no visible accessories, no glasses, no hat, no backpack"
0164,"female, black short-sleeved shirt, grey skirt, black shoes, no visible accessories, no hat, no glasses, no backpack"
0165,"female, black short-sleeved t-shirt with colorful graphic, blue jeans, flat shoes, no visible accessories, no glasses, no hat, no backpack"
0166,"male, short-sleeved shirt, light gray, trousers, dark gray, barefoot, glasses, no backpack, no hat"
0167,"female, white short-sleeved shirt, dark green shorts, black sneakers, black backpack, no visible glasses, no visible hat"
0168,"female, dark brown short-sleeved top, light gray and white striped shorts, flip flops, red backpack"
0169,"male, red short-sleeved shirt, dark shorts, no visible footwear, black backpack"
0170,"male, white t-shirt, dark pants, white sneakers, no visible accessories, no glasses, no hat, no backpack"
0171,"female, white t-shirt, dark grey capri pants, light-colored flip flops, red shoulder bag, no visible glasses, no visible hat"
0172,"male, white t-shirt with black circular graphic, dark gray shorts, white sneakers, black backpack, glasses"
0173,"female, white short-sleeved top, light beige shorts, light beige flat shoes, red shoulder bag, long dark hair, no visible glasses or hat"
0174,"male, short-sleeved t-shirt, grey and black color block design, denim shorts, white sneakers, dark hair, no visible backpack, no visible glasses, no visible hat"
0175,"female, white short-sleeved top, black pants, white sneakers, black backpack, long brown hair, no visible glasses, no visible hat"
0176,"male, t-shirt, dark blue, jeans, dark-colored shoes, no visible accessories, no glasses, no hat"
0177,"female, t-shirt, gray, shorts, black, flip-flops, backpack, pink, backpack, gray, backpack, gray, backpack, gray, backpack, gray, backpack, gray, backpack, gray, backpack, gray, backpack, gray, backpack, gray, backpack, gray, backpack, gray, backpack, gray, backpack, gray, backpack, gray, backpack, gray, backpack, gray, backpack, gray, backpack, gray, backpack, gray, backpack, gray, backpack, gray, backpack, gray, backpack, gray, backpack, gray, backpack, gray, backpack, gray, backpack, gray, backpack, gray, backpack, gray, backpack, gray, backpack, gray, backpack, gray, backpack, gray"
0178,"male, white short-sleeved polo shirt, green shorts, light-colored sneakers, no visible accessories, no hat, no glasses, no backpack"
0179,"male, blue short-sleeved shirt, dark shorts, white socks, white sneakers, no visible backpack, no visible glasses, no visible hat"
0180,"female, tank top, dark green, shorts, dark green, yellow sneakers, blue backpack, no glasses, no hat"
0181,"female, white short-sleeved t-shirt, gray capri pants, barefoot, black backpack, dark hair in ponytail, no visible glasses or hat"
0182,"female, white t-shirt, dark blue capri pants, brown sandals, green backpack, no glasses, no hat"
0183,"male, white t-shirt, black shorts, gray slip-on shoes, black backpack, no glasses, no hat"
0184,"male, dark grey t-shirt, dark grey shorts, white socks, dark brown shoes, beard, no visible accessories, no glasses, no hat, no backpack"
0185,"female, dress, light blue, white belt, flat sandals, shoulder bag, no glasses, no hat"
0186,"female, red short-sleeved t-shirt, dark shorts, white sneakers, yellow backpack, no visible glasses, no visible hat"
0187,"male, short-sleeved shirt, blue, loose-fitting pants, light gray, sneakers, no visible accessories, no hat, no glasses, no backpack"
0188,"female, tank top, dark red with black pattern, shorts, dark blue denim, sandals, no visible backpack, no visible glasses, no visible hat"
0189,"male, yellow t-shirt, gray shorts, dark-colored sneakers, black backpack, dark-colored cap, no visible glasses"
0190,"female, gray t-shirt, black shorts, white sneakers, long dark hair, no visible accessories, no glasses, no backpack, no hat"
0191,"female, sleeveless top, white with red apple print, khaki pants, brown flat shoes, no visible accessories, long dark hair, no glasses, no hat, no backpack"
0192,"female, red short-sleeved shirt, black pants, black shoes, glasses, hair tied back"
0193,"female, white t-shirt, light beige shorts, barefoot, black handbag, no glasses, no hat"
0194,"female, white t-shirt, light blue denim shorts, dark brown flat sandals, light purple backpack, dark brown flat sandals, white t-shirt, light blue denim shorts, dark brown flat sandals, light purple backpack, dark brown flat sandals, white t-shirt, light blue denim shorts, dark brown flat sandals, light purple backpack, dark brown flat sandals, white t-shirt, light blue denim shorts, dark brown flat sandals, light purple backpack, dark brown flat sandals, white t-shirt, light blue denim shorts, dark brown flat sandals, light purple backpack, dark brown flat sandals, white t-shirt, light blue denim shorts, dark brown flat sandals, light purple backpack, dark brown flat sandals, white t-shirt, light blue denim shorts, dark"
0195,"female, pink cardigan, black tank top, white pants, white sneakers, glasses, dark hair in ponytail"
0196,"female, green short-sleeved top, green floral skirt, beige flat sandals, no visible accessories"
0197,"female, sleeveless top, light pink skirt, yellow shoes, black backpack, no visible glasses, no visible hat"
0198,"male, red t-shirt, black shorts, black sneakers, black backpack, no visible glasses, no visible hat"
0199,"female, pink button-up shirt, dark blue jeans, white flat shoes, brown shoulder bag, no visible glasses or hat"
0200,"female, black dress, black backpack, brown sandals, short dark hair, no visible glasses, no visible hat"
0201,"male, black t-shirt, black shorts, black sneakers, no visible backpack, no visible glasses, no visible hat"
0202,"male, green t-shirt, black shorts, red sneakers, red bandana, glasses"
0203,"male, white t-shirt, light blue jeans, white sneakers, black shoulder bag, no visible glasses, no visible hat"
0204,"male, white t-shirt, light gray patterned shorts, brown sandals, backpack with gray straps, no glasses, no hat"
0205,"female, white short-sleeved shirt, light brown shorts, barefoot, dark hair in ponytail, carrying a red bag over shoulder, no visible glasses or hat"
0206,"female, white short-sleeved t-shirt, blue long skirt, brownish-yellow flat shoes, olive green backpack, no visible glasses or hat"
0207,"female, sleeveless top, pink and white patterned, denim shorts, no visible footwear, no visible accessories"
0208,"female, t-shirt, light yellow, shorts, light yellow, barefoot, no visible accessories, no visible backpack, no visible glasses, no visible hat"
0209,"female, t-shirt, dark blue shorts, red flat shoes, shoulder bag, dark hair in ponytail, no glasses, no hat, no visible backpack"
0210,"male, striped t-shirt, blue shorts, sneakers, backpack, glasses"
0211,"male, white t-shirt, grey shorts, white socks, green and white sneakers, dark cap, no visible backpack, no visible glasses"
0212,"female, white short-sleeved top, black patterned capri pants, light gray sneakers, no visible accessories, no visible backpack, no visible glasses, no visible hat"
0213,"male, dark grey t-shirt, dark grey shorts, flip flops, glasses, cap"
0214,"female, short-sleeved printed t-shirt, light blue denim shorts, dark flip-flops, no visible backpack, no visible glasses, no visible hat"
0215,"male, short-sleeved t-shirt, white, khaki pants, white cap, white sneakers, green fanny pack, no visible glasses, no backpack"
0216,"male, short-sleeved shirt, light gray, light gray pants, dark shoes, no visible backpack, no visible glasses, no visible hat"
0217,"male, short-sleeved athletic shirt, white with light blue panels, black shorts, gray athletic sneakers, glasses, no visible backpack or hat"
0218,"female, white short-sleeved shirt, light brown skirt, white flat shoes, dark brown braided hair, light blue shopping bags, no visible backpack, no visible glasses, no visible hat"
0219,"male, black t-shirt, dark pants, white sneakers, red backpack, no visible glasses, no visible hat"
0220,"female, sleeveless dress, gray, sneakers, black shoulder bag"
0221,"female, short-sleeved t-shirt, pink, shorts, pink, sandals, no visible backpack, no visible glasses, no visible hat"
0222,"male, green short-sleeved t-shirt, black pants, black sneakers, black backpack, no visible glasses, no visible hat"
0223,"male, white sleeveless shirt with blue shoulder panels, white shorts, barefoot, no visible accessories, no backpack, no glasses, no hat"
0224,"male, green t-shirt, light gray shorts, white sneakers, dark backpack, no glasses, no hat"
0225,"female, light-colored short-sleeved dress, white, flat sandals, no visible accessories, dark hair, visible in all four panels, walking or standing, holding a yellow object in bottom right panel"
0226,"male, t-shirt, black, shorts, gray, sneakers, backpack, dark-colored, no glasses, no hat"
0227,"female, yellow, short-sleeved t-shirt, yellow, shorts, pink flip-flops, no visible accessories, no glasses, no hat, no backpack"
0228,"female, tank top, brown shorts, white sneakers, no visible backpack, no visible glasses, no visible hat"
0229,"female, patterned short-sleeve dress, gray and white, flip-flops, pink tote bag, no visible glasses or hat"
0230,"male, gray hoodie, dark pants, dark shoes, no visible accessories, no hat, no glasses"
0231,"male, t-shirt, gray, shorts, gray, sneakers, white socks, no visible backpack, no visible glasses, no visible hat"
0232,"male, purple t-shirt, black capri pants, gray slip-on shoes, black shoulder bag"
0233,"female, red sleeveless vest, gray short-sleeved shirt underneath, blue jeans, barefoot, brown handbag, no visible glasses, no visible hat, no visible backpack"
0234,"male, short-sleeved t-shirt, yellow, loose-fitting pants, dark grey, sneakers, no visible accessories, no hat, no glasses, no backpack"
0235,"male, short-sleeved polo shirt, dark blue, cargo pants, gray, sneakers, backpack, dark-colored, no visible glasses, no visible hat"
0236,"male, short-sleeved button-up shirt, light gray, dark pants, dark shoes, black cap"
0237,"female, white t-shirt, dark grey capri pants, white sneakers, pink backpack, face mask, dark hair in ponytail"
0238,"male, t-shirt, brown, shorts, dark blue, sneakers, backpack, glasses"
0239,"female, tank top, light gray, shorts, light gray, sandals, brown shoulder bag"
0240,"female, white t-shirt, dark blue denim shorts, white sneakers, backpack, no visible glasses or hat"
0241,"male, white t-shirt, grey shorts, dark-colored sneakers, backpack, no glasses, no hat"
0242,"male, long-sleeved shirt, light gray, shorts, khaki, flip-flops, backpack, dark brown"
0243,"male, white t-shirt with number 8, dark gray shorts, brown shoes, no visible accessories, no glasses, no hat, no backpack"
0244,"female, short-sleeved t-shirt, gray, capri pants, dark blue, barefoot, red hair tied back, no visible glasses, no visible backpack, no visible hat"
0245,"male, t-shirt, purple, shorts, gray, flip-flops, backpack, no glasses, no hat"
0246,"male, light gray t-shirt, khaki shorts, dark-colored shoes, no visible accessories, no glasses, no hat, no backpack"
0247,"male, white t-shirt, black shorts, dark-colored sneakers, black backpack, no visible glasses or hat"
0248,"male, short-sleeved checkered shirt, dark green and grey plaid, dark grey trousers, dark brown shoes, no visible accessories, no glasses, no hat, no backpack"
0249,"female, short-sleeved t-shirt, light green, loose-fitting pants, dark gray, flat shoes, pink handbag, black shoulder strap, glasses, dark hair tied back"
0250,"male, purple t-shirt, blue jeans, white sneakers, backpack, no glasses, no hat"
0251,"female, black sleeveless dress, black sandals, no visible backpack, no visible glasses, no visible hat"
0252,"male, yellow t-shirt, plaid shorts, white socks, sneakers, black backpack"
0253,"female, patterned jacket, dark pants, yellow shoes, red shoulder bag, dark hair, no visible glasses, no visible backpack, no visible hat"
0254,"female, green short-sleeved polo shirt, black leggings, barefoot, no visible accessories"
0255,"male, white t-shirt, dark pants, sneakers, no visible accessories, no hat, no glasses, no backpack"
0256,"male, green t-shirt, black shorts, gray sneakers, black shoulder bag"
0257,"male, short-sleeved t-shirt, teal, shorts, black, sneakers, white socks, backpack, black"
0258,"female, short-sleeved blouse, pink, shorts, white, sandals, shoulder bag, purple and white striped, no glasses, no hat, no backpack"
0259,"male, t-shirt, shorts, pink, light blue, sneakers, glasses, short hair"
0260,"male, short-sleeved shirt, light-colored striped shirt, dark trousers, dark shoes, shoulder bag, no visible glasses, no visible hat"
0261,"female, short-sleeved floral shirt, pink and white pattern, red short-sleeved shirt, light-colored pants, light-colored flat shoes, white plastic bag in left hand, no visible backpack, no visible glasses, no visible hat"
0262,"male, black t-shirt, light gray shorts, dark sandals, red hair, no visible accessories, no backpack, no glasses, no hat"
0263,"male, teal jacket, camouflage pants, dark brown shoes, no visible accessories, short dark hair, visible facial features, walking posture, no glasses, no backpack, no hat"
0264,"male, sleeveless shirt, gray, shorts, gray, sneakers, blue, sneakers, red, sneakers, water bottle, no backpack, no glasses, no hat"
0265,"male, red short-sleeved shirt, grey capri pants, blue sneakers, black backpack, glasses"
0266,"male, t-shirt, teal, shorts, dark, sandals, glasses, shoulder bag"
0267,"male, short-sleeved button-up shirt, light purple, shorts, light green, flip-flops, no visible backpack, no visible glasses, no visible hat"
0268,"female, bright green t-shirt, black shorts, white slip-on shoes, backpack, long dark hair, no visible glasses, no visible hat"
0269,"female, floral printed short-sleeved shirt, brown pants, dark-colored flat shoes, dark hair tied back, no visible backpack, no visible glasses, no visible hat"
0270,"female, sleeveless top, brown skirt, brown sandals, white plastic bag with red and blue logo, green plastic bottle, no glasses, no hat, no backpack"
0271,"boy, short-sleeved shirt, light blue, shorts, light blue, sandals, red cap"
0272,"male, green short-sleeved t-shirt, brownish-gray loose-fitting pants, dark-colored slip-on shoes, no visible accessories, no glasses, no hat, no backpack"
0273,"male, green t-shirt, dark gray shorts, black sneakers, gray shoulder bag"
0274,"female, gray short-sleeved top, dark green pants, light brown flat shoes, beige handbag"
0275,"male, gray jacket, dark pants, dark shoes, black cap, no visible backpack, no visible glasses"
0276,"male, short-sleeved button-up shirt, light pink, dark trousers, dark shoes, no visible accessories, no hat, no glasses, no backpack"
0277,"female, tank top, purple, shorts, white patterned, barefoot, no visible accessories"
0278,"male, blue t-shirt, dark gray shorts, black sneakers, black backpack, no glasses, no hat"
0279,"female, light blue hoodie, black shorts, brown sandals, glasses, carrying a white plastic bag"
0280,"male, short-sleeved t-shirt, maroon, shorts, gray, sneakers, no visible backpack, no visible glasses, no visible hat"
0281,"female, short-sleeved shirt, teal, white, skirt, black, sandals, backpack, dark patterned, no glasses, no hat"
0282,"female, white short-sleeved t-shirt, black capri pants, flip-flops, dark hair in a ponytail, carrying a white plastic bag, no visible backpack, no visible glasses, no visible hat"
0283,"female, white short-sleeved shirt, black shorts, flat sandals, black backpack, glasses, brown handbag"
0284,"female, green t-shirt, light gray shorts, pink flip-flops, brown shoulder bag, no visible glasses, no visible hat"
0285,"female, short-sleeved top, yellow-green, red circular design, patterned skirt, dark-colored, flat sandals, shoulder bag, dark hair, no visible glasses, no visible hat"
0286,"female, red short-sleeved shirt, black skirt, beige high-heeled sandals, light pink backpack, dark hair, no glasses, no hat"
0287,"female, white t-shirt, denim shorts, white sneakers, hair tied back, no visible backpack, no visible glasses, no visible hat"
0288,"male, white t-shirt, beige pants, white sneakers, dark grey shoulder bag, no visible glasses, no visible hat"
0289,"female, t-shirt, lime green, shorts, beige, sneakers, backpack, dark blue, glasses"
0290,"male, striped short-sleeve shirt, black shorts, sandals, no visible accessories, no glasses, no hat"
0291,"female, white short-sleeved t-shirt, grayish-green jeans, dark-colored sneakers, long dark hair, no visible backpack, no visible glasses, no visible hat"
0292,"female, white t-shirt, black skirt, barefoot, black shoulder bag, long dark hair in ponytail"
0293,"male, short-sleeved shirt, light gray, shorts, gray, sandals, glasses, shoulder bag"
0294,"male, white short-sleeved shirt, beige trousers, dark-colored sneakers, black backpack, no visible glasses, no visible hat"
0295,"female, green short-sleeved shirt, dark blue capri pants, barefoot, black shoulder bag"
0296,"male, green hooded vest, gray long sleeve shirt, white t-shirt, black shorts, dark-colored sandals, black baseball cap, no visible backpack, no visible glasses"
0297,"female, white short-sleeved shirt, dark pants, dark shoes, no visible accessories, no glasses, no hat, no backpack"
0298,"female, green short-sleeved t-shirt, grey cargo pants, white sneakers, dark red shoulder bag, long dark hair, no visible glasses, no visible backpack or hat"
0299,"female, short-sleeved top, floral pattern, black skirt, dark-colored sneakers, glasses, red book"
0300,"male, white t-shirt, beige shorts, brown sandals, black shoulder bag, white tote bag, no glasses, no hat"
0301,"female, sleeveless dress, pink and white checkered pattern, black belt, white socks, pink shoes, red headband"
0302,"female, white short-sleeved shirt, dark gray shorts, white socks, dark gray sneakers, glasses, black shoulder bag"
0303,"male, short-sleeved shirt, light gray, khaki pants, dark brown shoes, black shoulder bag, no visible glasses, no visible hat"
0304,"male, purple t-shirt, light blue denim shorts, flip-flops, glasses, no backpack, no hat"
0305,"female, short-sleeved top, teal, patterned skirt, light-colored sandals, shoulder bag, no glasses, no hat"
0306,"male, t-shirt, teal shorts, flip-flops, glasses"
0307,"male, t-shirt, light gray, shorts, light blue, sneakers, white socks, no visible accessories, no hat, no glasses, no backpack"
0308,"female, pink short-sleeved t-shirt, brownish khaki capri pants, light-colored flat sandals, no visible backpack, no visible glasses, no visible hat"
0309,"female, white short-sleeved shirt, black patterned skirt, black tights, light-colored flat shoes, green shoulder bag, lanyard with badge, glasses"
0310,"male, t-shirt, purple, shorts, black, flip-flops, backpack, glasses, cap"
0311,"female, white short-sleeved t-shirt, light blue capri pants, white sandals, light-colored bucket hat"
0312,"male, yellow t-shirt, beige shorts, white sneakers, gray baseball cap, black backpack"
0313,"male, short-sleeved polo shirt, light pink, loose-fitting shorts, light gray, flip-flops, glasses, no backpack, no hat"
0314,"male, blue t-shirt, black shorts, white socks, dark-colored sneakers, black backpack, no visible glasses, no visible hat"
0315,"male, teal t-shirt, black shorts, blue sneakers, dark gray backpack, no visible glasses, no visible hat"
0316,"male, gray t-shirt, dark gray shorts, dark-colored sneakers, no visible accessories, no backpack, no glasses, no hat"
0317,"male, green t-shirt, grey shorts, flip-flops, no visible backpack, no visible glasses, no visible hat"
0318,"male, dark blue long-sleeved shirt, dark blue pants, white sneakers, no visible accessories, no hat, no glasses, no backpack"
0319,"male, black t-shirt, black shorts, barefoot, no visible backpack, no visible glasses, no visible hat"
0320,"male, plaid shirt, dark pants, dark shoes, no visible accessories, no hat, no glasses, no backpack"
0321,"male, short-sleeved shirt, light gray, shorts, khaki, sandals, no visible backpack, no visible glasses, no visible hat"
0322,"female, white t-shirt, blue jeans, brown sandals, white tote bag, no visible glasses, no visible hat"
0323,"male, dark gray t-shirt, blue jeans, brown shoes, no visible backpack, no visible glasses, no visible hat"
0324,"male, white short-sleeved shirt, dark trousers, dark shoes, black backpack, no visible glasses, no visible hat"
0325,"male, black t-shirt with white graphic, olive green pants, white sneakers, black backpack with red accents, short dark hair, no visible glasses, no visible hat"
0326,"male, white polo shirt, greenish-blue shorts, dark-colored sandals, no visible accessories, no hat, no glasses, no backpack"
0327,"male, green t-shirt with white recycling symbol, grey trousers, dark-colored slip-on shoes, no visible accessories, no glasses, no hat"
0328,"female, short-sleeved t-shirt, light pink, capri pants, light pink, white sneakers, blue shoulder bag, no glasses, no hat"
0329,"female, pink short-sleeved shirt, dark blue denim shorts, light-colored flat shoes, shoulder bag with brown strap, dark hair in ponytail"
0330,"female, short-sleeved floral shirt, black capri pants, white visor cap, brown sandals, brown shoulder bag"
0331,"male, yellow t-shirt, light gray shorts, black sneakers, black backpack, glasses, short dark hair"
0332,"female, tank top, pink, capri pants, black, flip flops, red jacket, black backpack, no glasses, no hat"
0333,"female, short-sleeved shirt, light gray, open-front cardigan, mauve, denim shorts, gray sneakers, shoulder-length brown hair, no visible accessories, no glasses, no hat, no backpack"
0334,"female, white short-sleeved dress, white sandals, dark hair tied back, no visible accessories"
0335,"female, white short-sleeved t-shirt, light gray shorts, dark-colored flat sandals, black shoulder bag"
0336,"male, teal t-shirt with graphic, black loose-fitting pants, sandals, no visible accessories, no hat, no glasses, no backpack"
0337,"male, white t-shirt, black shorts, white sneakers, no visible accessories, no hat, no glasses, no backpack"
0338,"male, short-sleeved shirt, purple with white horizontal stripe, jeans, barefoot, no visible accessories, no hat, no glasses, no backpack"
0339,"male, short-sleeved shirt, light blue and white gradient, shorts, dark-colored, no visible backpack, no visible glasses, no visible hat"
0340,"female, light green short-sleeved top, light gray shorts, white sneakers, pink backpack, no visible glasses or hat"
0341,"male, short-sleeved t-shirt, bright yellow, shorts, beige, sneakers, blue, backpack, dark blue with white graphic, no glasses, no hat"
0342,"male, yellow t-shirt, gray shorts, white socks, dark-colored sneakers, black backpack"
0343,"female, patterned dress, black and white, flip flops, purple backpack"
0344,"male, black t-shirt, light gray shorts, brown shoes, black backpack, no visible glasses or hat"
0345,"male, t-shirt, blue, shorts, blue, flip-flops, glasses"
0346,"female, short-sleeved t-shirt, light green and white striped, dark blue jeans, brown slip-on shoes, shoulder-length dark hair in a ponytail, carrying a light brown woven handbag, no visible glasses or hat, no backpack"
0347,"female, white t-shirt, dark grey capri pants, light brown flat shoes, red backpack, dark grey baseball cap, dark grey sunglasses"
0348,"male, polo shirt, light green, shorts, beige, sneakers, black backpack"
0349,"female, white t-shirt, black pants, dark-colored shoes, long dark hair tied back, no visible backpack, no visible glasses, no visible hat"
0350,"female, black long-sleeved top, gray tank top, black skirt, black flat shoes, blue and white tote bag, no visible glasses, no visible hat, no visible backpack"
0351,"female, white dress, white shoes, backpack, no glasses, no hat"
0352,"male, short-sleeved shirt, gray, black shorts, flip-flops, no visible backpack, no visible glasses, no visible hat"
0353,"male, dark grey t-shirt, dark grey capri pants, dark brown flip flops, no visible backpack, no visible glasses, no visible hat"
0354,"male, short-sleeved button-up shirt, pink and white stripes, light gray shorts, flip-flops, dark hair, no visible accessories, no glasses, no backpack, no hat"
0355,"female, plaid shirt, white shirt, blue jeans, white sneakers, brown shoulder bag, pink handbag, glasses"
0356,"female, pink fleece jacket with blue gradient shoulders, black capri pants, pink sneakers, pink baseball cap, beige shoulder bag, no visible glasses"
0357,"female, short-sleeved blouse, light green, capri pants, light beige, flip-flops, shoulder-length hair, no visible accessories, no glasses, no hat, no backpack"
0358,"female, green short-sleeved t-shirt, black skirt with white circular patterns, white sneakers, no visible accessories, no backpack, no glasses, no hat"
0359,"male, white t-shirt, black pants, dark-colored shoes, no visible accessories, balding or receding hairline, visible facial features in some images"
0360,"male, yellow t-shirt, black shorts, white sneakers, black backpack"
0361,"male, green short-sleeved shirt, dark grey shorts, grey sneakers, black fanny pack, no visible glasses, no visible hat"
0362,"female, white t-shirt, dark blue skirt, light blue sneakers, white baseball cap, shoulder bag"
0363,"male, green short-sleeved shirt, black pants, gray sneakers, black backpack, no visible glasses, no visible hat"
0364,"male, white t-shirt, dark gray shorts, red sneakers, black backpack, no glasses, no hat"
0365,"female, black short-sleeved t-shirt with white Mickey Mouse graphic, greyish-gray cropped or mid-thigh length skirt or pants, black full-length leggings or tights worn underneath, light-colored flat shoes or sandals, wide-brimmed hat with green brim and light-colored crown, pink shoulder bag or tote bag, no visible glasses, no backpack"
0366,"female, yellow-green short-sleeved top, dark blue shorts, flip-flops, brown shoulder bag"
0367,"female, light gray sleeveless dress, red tote bag, yellow tote bag, white tote bag, pink shoulder bag, flip flops, straw hat"
0368,"male, white t-shirt, blue denim shorts, dark-colored slip-on shoes, no visible accessories, no backpack, no glasses, no hat"
0369,"male, short-sleeved shirt, blue, shorts, black, sandals, backpack, dark blue, no glasses, no hat"
0370,"female, white t-shirt, patterned capri pants, white sneakers, red backpack, dark hair, no glasses, no hat"
0371,"female, yellow short-sleeved top, gray skirt, brown flat shoes, green tote bag, dark hair tied back, no visible glasses or hat"
0372,"male, gray t-shirt, khaki cargo shorts, red sneakers, white socks, no visible backpack, no visible glasses, no visible hat"
0373,"female, light blue button-up shirt, dark pants, dark shoes, no visible accessories, no glasses, no hat, no backpack"
0374,"male, short-sleeved shirt, blue, cargo pants, beige, flip-flops, backpack, no glasses, no hat"
0375,"male, white t-shirt, dark gray pants, dark gray sneakers, black backpack, no glasses, no hat"
0376,"female, white long-sleeved shirt, brown overall pants, light-colored flat sandals, backpack with gray and white pattern, long dark hair, no visible glasses or hat"
0377,"male, short-sleeved button-up shirt, light gray, dark blue jeans, white sneakers, no visible accessories, no hat, no glasses, no backpack"
0378,"male, green t-shirt, dark pants, dark shoes, backpack, glasses"
0379,"male, white t-shirt, grey shorts, black sandals, black shoulder bag, plastic bag in hand"
0380,"male, black t-shirt, blue graphic on t-shirt, dark pants, no visible footwear, glasses, no backpack, no hat"
0381,"male, gray t-shirt with red stripe, gray capri pants, white socks, black sneakers, no visible accessories, no hat, no glasses, no backpack"
0382,"male, white t-shirt, dark blue shorts, bright yellow sneakers, black backpack, dark hair, no visible glasses, no visible hat"
0383,"male, white t-shirt, black shorts, sandals, black shoulder bag"
0384,"male, t-shirt, purple and white, shorts, black, flip-flops, no visible accessories, no hat, no glasses"
0385,"female, t-shirt, brown, shorts, sandals, backpack, no glasses, no hat"
0386,"female, short-sleeved t-shirt, blue, capri pants, black, flat sandals, backpack, no glasses, no hat"
0387,"female, sleeveless top, pink and white pattern, shorts, dark blue, barefoot, backpack, light gray, no glasses, no hat"
0388,"male, polo shirt, light green, shorts, black, sneakers, white, no visible accessories, no hat, no glasses, no backpack"
0389,"male, t-shirt, black, sneakers, no backpack, no glasses, no hat"
0390,"female, red dress, white sandals, black backpack, no glasses, no hat"
0391,"female, yellow t-shirt, maroon shorts, white sneakers, green cap, backpack"
0392,"female, white t-shirt, dark blue shorts, dark flip-flops, no visible backpack, no visible glasses, no visible hat"
0393,"male, short-sleeved t-shirt, blue, shorts, brown slip-on shoes, black cap, no visible glasses, no visible backpack, no visible accessories other than cap"
0394,"male, long-sleeved shirt, white, trousers, beige, sneakers, glasses, dark hair, no backpack, no hat"
0395,"female, green plaid shirt, black pants, white sneakers, beige cap, brown shoulder bag"
0396,"female, striped short-sleeve shirt, denim overall dress, brown sandals, no visible backpack, no visible glasses, no visible hat"
0397,"male, black t-shirt, black shorts, black sneakers, black backpack, no visible glasses, no visible hat"
0398,"female, striped short-sleeve shirt, dark blue capri pants, brown sandals, dark hair, no visible backpack, no visible glasses, no visible hat"
0399,"male, short-sleeved checkered shirt, black trousers, dark-colored shoes, glasses, no visible backpack, no visible hat"
0400,"male, white t-shirt, dark trousers, barefoot, no visible accessories, no backpack, no glasses, no hat"
0401,"female, short-sleeved shirt, pink, vest, black, pants, white, shoes, sunglasses, handbag, black"
0402,"female, plaid shirt, green and white, shorts, pink, sandals, hair tied back, no visible accessories"
0403,"boy, short-sleeved shirt, gray and white, dark gray shorts, bright green sneakers, no visible backpack, no visible glasses, no visible hat"
0404,"female, dress, light blue top, white floral skirt, pink cardigan, pink flat shoes, long dark hair, no visible accessories, no backpack, no glasses, no hat"
0405,"male, grey v-neck t-shirt, brown knee-length shorts, dark grey sneakers with neon green accents, dark-rimmed glasses, dark cap worn backward, no visible backpack or other accessories"
0406,"male, short-sleeved t-shirt, grey, shorts, grey, flip-flops, no visible accessories, no hat, no glasses, no backpack"
0407,"female, blue short-sleeved shirt, denim shorts, sandals, red shoulder bag with white polka dots"
0408,"female, white t-shirt, dark blue skirt, white sneakers, black tote bag with white logo, long dark hair, no visible glasses or hat"
0409,"male, white t-shirt, purple short-sleeved shirt, blue jeans, brown shoes, black shoulder bag, no visible glasses, no visible hat"
0410,"female, t-shirt, light gray, capri pants, light gray, white sneakers, backpack, dark gray"
0411,"male, white short-sleeved shirt, dark trousers, white sneakers, no visible backpack, no visible glasses, no visible hat"
0412,"male, short-sleeved shirt, dark vest, dark pants, dark shoes, cap, utility belt, no visible backpack, no visible glasses"
0413,"male, polo shirt, gradient teal to gray, dark gray pants, dark shoes, backpack, carrying a patterned tote bag, no glasses, no hat"
0414,"male, white short-sleeved shirt, black vest, black trousers, white sneakers, red gloves, no backpack, no glasses, no hat"
0415,"male, short-sleeved shirt, dark green vest, dark pants, red shoes, helmet, backpack"
0416,"female, striped polo shirt, green and white stripes, shorts, dark gray, sandals, no visible backpack, no visible glasses, no visible hat"
0417,"female, black short-sleeved top, light green capri pants, gray sneakers, black backpack, dark bandana, silver necklace, white paper bag"
0418,"female, gray t-shirt, black shorts, green shoes, black backpack, no visible glasses, no visible hat"
0419,"male, white t-shirt, black shorts, flip-flops, glasses, no backpack, no hat"
0420,"female, dark brown short-sleeved top, dark blue jeans, white sneakers, large beige shoulder bag, dark brown hair, no glasses, no hat, no backpack"
0421,"male, short-sleeved t-shirt, light green, capri pants, light gray, flip-flops, black, baseball cap, no visible backpack, no visible glasses"
0422,"female, green short-sleeved t-shirt, light gray pants, light brown sneakers, dark hair, no visible backpack, no visible glasses, no visible hat"
0423,"male, white button-up shirt, brown trousers, light-colored casual shoes, no visible backpack, no visible glasses, no visible hat"
0424,"male, dark blue t-shirt, gray shorts, dark sandals, backpack with red, white, and black pattern, no glasses, no hat"
0425,"female, gray short-sleeved t-shirt, black pants, light brown flip-flops, green shoulder bag, no visible glasses, no visible hat, no visible backpack"
0426,"female, red short-sleeved polo shirt, black capri pants, dark brown flat shoes, no visible accessories, no glasses, no hat"
0427,"male, orange short-sleeved t-shirt, dark gray shorts, gray sneakers, no visible accessories, no glasses, no hat, no backpack"
0428,"male, black t-shirt, black shorts, black slip-on shoes, black backpack, glasses"
0429,"male, white t-shirt, blue denim shorts, black sneakers, no visible accessories, no glasses, no hat, no backpack"
0430,"female, t-shirt, shorts, pink, teal, pink sneakers, backpack"
0431,"female, pink short-sleeved shirt, dark pants, white cap, black backpack, yellow ball, no visible footwear, no visible glasses"
0432,"male, black t-shirt with graphic print, black and white checkered shorts, brown sandals, no visible accessories, no glasses, no hat, no backpack"
0433,"female, sleeveless top, light pink, pleated skirt, white, high-heeled sandals, shoulder bag, long dark hair, no glasses, no hat, no backpack"
0434,"male, t-shirt, dark green, shorts, light gray, sandals, glasses, no backpack, no hat"
0435,"male, short-sleeved button-up shirt, light gray, dark trousers, dark shoes, shoulder bag, no glasses, no hat"
0436,"male, gray patterned jacket, white t-shirt, light blue jeans, gray sneakers, red beanie, black crossbody bag"
0437,"male, t-shirt, dark gray, jeans, dark gray, sandals, no visible accessories, no hat, no glasses"
0438,"male, striped polo shirt, yellow and gray stripes, gray pants, white sneakers, glasses"
0439,"male, striped polo shirt, dark blue jeans, dark-colored shoes, no visible backpack, no visible glasses, no visible hat"
0440,"male, gray t-shirt, dark shorts, flip-flops, no visible accessories, no glasses, no hat"
0441,"female, short-sleeved shirt, light blue, shorts, light blue, flip-flops, glasses, hair tied up"
0442,"female, sleeveless dress, beige, white, yellow, flip-flops, no visible accessories"
0443,"male, t-shirt, gray, shorts, black, sneakers, backpack, black"
0444,"female, floral print dress, white base with red and purple flowers, sleeveless, sandals, brown shoulder bag, no backpack, no glasses, no hat"
0445,"male, white t-shirt, black shorts, black sneakers, black backpack, dark hair, no glasses, no visible hat"
0446,"male, green and black striped polo shirt, dark gray jeans, gray sneakers, glasses, no visible backpack or hat"
0447,"female, blue, oversized, short-sleeved, dress, brown, flip-flops, no visible accessories, long dark hair, walking, outdoor, street, bicycle in background"
0448,"male, black t-shirt, black shorts, black sneakers, no visible backpack, no visible glasses, no visible hat"
0449,"female, floral dress, yellow and green pattern, flat sandals, wide-brimmed sun hat, brown shoulder bag"
0450,"male, t-shirt, gray, shorts, gray, sneakers, backpack, dark-colored, no glasses, no hat"
0451,"female, sleeveless dress, green and yellow pattern, barefoot, backpack, black and neon green, no glasses, no hat"
0452,"male, light gray short-sleeved shirt, dark pants, brown slip-on shoes, white shoulder bag, no visible glasses or hat"
0453,"female, short-sleeved t-shirt, dark blue jeans, brown slip-on shoes, light beige crossbody bag, no visible glasses, no visible hat, no visible backpack"
0454,"male, white button-up shirt, dark blue jeans, dark-colored shoes, no visible accessories, no backpack, no glasses, no hat"
0455,"male, t-shirt, gray, shorts, gray, flip-flops, backpack, black"
0456,"male, white short-sleeved shirt, dark gray jeans, dark gray sneakers, glasses, no backpack, no hat"
0457,"female, white tank top, black shorts, brown flip flops, black backpack, pink handbag"
0458,"female, white short-sleeved top, beige skirt, light-colored flat shoes, dark hair, no visible backpack, no visible glasses, no visible hat"
0459,"male, black short-sleeved shirt, yellow pants, barefoot, green bag, no visible glasses, no visible hat, no visible backpack"
0460,"male, green t-shirt, dark blue shorts, brown sandals, black backpack"
0461,"male, white t-shirt, light beige pants, flip-flops, black backpack, no visible glasses, no visible hat"
0462,"male, green t-shirt, light blue denim shorts, brown sandals, black backpack, glasses"
0463,"male, camouflage t-shirt, dark shorts, flip-flops, black backpack, no visible glasses, no visible hat"
0464,"female, red short-sleeved t-shirt, dark gray capri pants, dark brown flat sandals, no visible accessories, no glasses, no hat"
0465,"female, patterned short-sleeve top, blue-green with white, patterned loose-fitting pants, dark grey or black with white geometric design, flat-soled casual shoes, no visible backpack, no visible glasses, no visible hat"
0466,"female, short-sleeved t-shirt, purple, shorts, black, sneakers, red, white tote bag, no backpack, no glasses, no hat"
0467,"male, t-shirt, light gray, shorts, light gray with blue pattern, sneakers, blue, baseball cap, blue"
0468,"female, white t-shirt, denim shorts, beige flats, black shoulder bag, long dark hair, no visible glasses, no visible hat"
0469,"male, gray t-shirt, beige shorts, flip-flops, glasses, shoulder bag"
0470,"male, black short-sleeved polo shirt, blue jeans, brown shoes, black shoulder bag"
0471,"male, black short-sleeved shirt, dark gray pants, light-colored slip-on shoes, black baseball cap, no visible backpack, no visible glasses"
0472,"female, short-sleeved top, polka dot pattern, dark blue or black base with white dots, capri pants, dark gray or purple, flat shoes, white sneakers, glasses, holding a white phone, long dark hair, no backpack, no hat"
0473,"male, short-sleeved shirt, white, black shorts, sandals, backpack, no glasses, no hat"
0474,"female, black short-sleeved top, black wide-leg pants, black flat shoes, brown shoulder bag"
0475,"female, gray t-shirt with white graphic, blue jeans, flip-flops, red tote bag, black shoulder bag, dark hair, no visible glasses, no visible hat"
0476,"male, black t-shirt, gray shorts, black sneakers, white socks, black baseball cap"
0477,"male, teal t-shirt, dark gray shorts, white flip-flops, no visible backpack, no visible glasses, no visible hat"
0478,"female, short-sleeved shirt, light-colored patterned, blue jeans, dark-colored sneakers, black backpack"
0479,"female, black short-sleeved top, blue jeans, white sneakers, gray shoulder bag, no backpack, no glasses, no hat"
0480,"female, white short-sleeved t-shirt, maroon pants, light blue slip-on shoes, white shoulder bag with red stripe, dark hair tied back, no visible glasses or hat"
0481,"female, white t-shirt, dark shorts, sandals, black shoulder bag"
0482,"male, short-sleeved t-shirt, dark brown, shorts, dark brown, flip-flops, backpack, glasses"
0483,"female, black sleeveless top, black long skirt, light-colored sandals, white umbrella"
0484,"male, yellow t-shirt, light gray shorts, brown sandals, black backpack"
0485,"female, black short-sleeved shirt, black capri pants, black flat shoes, white lanyard with ID badge, no backpack, no glasses, no hat"
0486,"female, short-sleeved shirt, red and white checkered skirt, sandals, backpack with black and white pattern, no glasses, no hat"
0487,"female, light green jacket, white top, blue jeans, brown boots, no visible backpack, no visible glasses, no visible hat"
0488,"male, t-shirt, gray, jeans, brown shoes, backpack, no glasses, no hat"
0489,"female, white long-sleeved shirt, brown shorts, white sneakers, red backpack"
0490,"female, light gray long-sleeved top with purple patterned sleeves, black pants, white sneakers, no visible accessories, no glasses, no hat, no backpack"
0491,"female, striped short-sleeved shirt, red shorts, white sneakers, no visible backpack, no visible glasses, no visible hat"
0492,"child, short-sleeved shirt, light-colored shirt, light gray pants, brown sandals, no accessories"
0493,"female, short-sleeved top, beige, capri pants, beige, sandals, no visible accessories"
0494,"male, short-sleeved shirt, gray, shorts, gray, sneakers, backpack, no glasses, no hat"
0495,"male, long-sleeved shirt, teal, jeans, sandals, no visible accessories, no glasses, no hat"
0496,"female, white long-sleeved shirt, black flowing skirt, brown flat shoes, black backpack with white pattern, dark hair in ponytail, no visible glasses or hat"
0497,"male, dark grey t-shirt with white text, light blue jeans, dark brown shoes, red hair, no visible accessories, no glasses, no hat, no backpack"
0498,"female, white short-sleeved shirt, light gray shorts, white frilly skirt, red backpack, glasses, flip-flops"
0499,"male, striped polo shirt, blue and white horizontal stripes, dark shorts, dark sneakers, no visible accessories, no glasses, no hat, no backpack"
0500,"male, white t-shirt, dark gray shorts, flip flops, glasses, no backpack, no hat"
0501,"female, black hoodie, light blue denim shorts, dark brown flat sandals, white tote bag, dark brown flat sandals, white tote bag, dark brown flat sandals, white tote bag, dark brown flat sandals, white tote bag, dark brown flat sandals, white tote bag, dark brown flat sandals, white tote bag, dark brown flat sandals, white tote bag, dark brown flat sandals, white tote bag, dark brown flat sandals, white tote bag, dark brown flat sandals, white tote bag, dark brown flat sandals, white tote bag, dark brown flat sandals, white tote bag, dark brown flat sandals, white tote bag, dark brown flat sandals, white tote bag, dark brown flat sandals, white tote bag, dark brown flat sandals,"
0502,"female, white short-sleeved top, patterned skirt, white sandals, shoulder bag"
0503,"male, gray t-shirt, black pants, gray sneakers, sunglasses, no backpack, no hat, no visible accessories besides sunglasses"
0504,"male, white t-shirt, light gray shorts, dark-colored sneakers, black backpack with gray accents"
0505,"male, white t-shirt, dark blue jeans, brown shoes, red and black shoulder bag, no glasses, no hat"
0506,"female, blue short-sleeved top, dark blue leggings, red sneakers, glasses, shoulder bag, ponytail"
0507,"male, polo shirt, light gray, jeans, dark gray sneakers, glasses, short dark hair, no backpack, no hat, no visible accessories besides glasses"
0508,"female, white short-sleeved top, black long skirt, black flat sandals, black shoulder bag, no visible glasses, no visible hat"
0509,"female, dark blue sleeveless dress, red high heels, dark-colored bag held in left hand, dark hair tied back, no visible glasses or hat, no backpack"
0510,"male, red short-sleeved shirt, dark blue shorts, dark brown sandals, no visible accessories, no glasses, no hat, no backpack"
0511,"male, t-shirt, light gray, shorts, light gray, sneakers, white socks, glasses, no backpack, no hat"
0512,"female, light-colored patterned dress, white, flat sandals, black shoulder bag"
0513,"male, black t-shirt, black shorts, flip-flops, black shoulder bag"
0514,"female, short-sleeved t-shirt, maroon skirt, flip-flops, no visible backpack, no visible glasses, no visible hat"
0515,"male, white t-shirt, gray shorts, flip-flops, black backpack, no glasses, no hat"
0516,"female, pink short-sleeved top, black shorts, sandals, brown shoulder bag"
0517,"male, t-shirt, maroon, shorts, gray, sneakers, backpack, black"
0518,"male, checkered short-sleeve shirt, dark gray shorts, flip-flops, backpack, glasses"
0519,"female, pink t-shirt, gray shorts, pink sneakers, no visible accessories, no hat, no glasses, no backpack"
0520,"male, orange t-shirt, dark green shorts, sandals, black cap, no visible backpack, no visible glasses, no visible accessories"
0521,"female, green long-sleeved top, dark gray capri pants, white flat sandals, black backpack with red accents, glasses"
0522,"male, brown t-shirt, khaki shorts, white sneakers, black backpack, no glasses, no hat"
0523,"male, black t-shirt, black shorts, dark-colored sneakers, black backpack, no visible glasses, no visible hat"
0524,"female, floral dress, white with blue pattern, flat shoes, no visible glasses, no visible hat, no visible backpack, carrying red bag"
0525,"male, white t-shirt with Chinese character, dark pants, dark shoes, no visible accessories, no hat, no glasses, no backpack"
0526,"male, short-sleeved shirt, teal, shorts, olive green, sandals, backpack, black and white with yellow and red branding, no glasses, no hat"
0527,"female, button-up blouse, beige, loose-fitting pants, beige, sandals, no visible accessories, no glasses, no hat"
0528,"male, red tank top, gray shorts, dark-colored shoes, no visible accessories, no glasses, no hat, no backpack"
0529,"male, short-sleeved shirt, dark gray, dark gray pants, white sneakers, gray hair, no visible glasses, no visible backpack, no visible hat"
0530,"male, t-shirt, light gray, jeans, light gray, sneakers, no visible accessories"
0531,"female, light green short-sleeved t-shirt, dark denim shorts, light-colored flat shoes, black backpack with white pattern, dark hair tied back, no visible glasses or hat"
0532,"female, white t-shirt, camouflage shorts, light green sneakers, teal backpack, dark hair, no visible glasses, no visible hat"
0533,"male, t-shirt, purple, shorts, black, sneakers, green, no backpack, no glasses, no hat"
0534,"female, striped polo shirt, dark pants, flat shoes, cap, glasses"
0535,"male, gray t-shirt, beige shorts, black sandals, black shoulder bag"
0536,"female, sleeveless top, light gray, capri pants, light gray, flat sandals, long dark hair, no visible accessories"
0537,"male, short-sleeved shirt, light gray, trousers, light gray, shoes, no visible accessories"
0538,"female, short-sleeved shirt, yellow, skirt, black, flip-flops, glasses"
0539,"male, red short-sleeved shirt, light gray pants, black shoes, no visible backpack, no visible glasses, no visible hat"
0540,"male, dark green short-sleeved shirt, light gray pants, dark-colored shoes, no visible backpack, no visible glasses, no visible hat"
0541,"male, t-shirt, blue, shorts, gray, sneakers, lanyard, ID badge"
0542,"female, black short-sleeved t-shirt, grey shorts, yellow sneakers, grey baseball cap, patterned backpack, no visible glasses"
0543,"female, short-sleeved button-up shirt, light pink, black trousers, dark-colored flat shoes, dark hair tied back in a ponytail, no visible accessories, no glasses, no hat, no backpack"
0544,"female, short-sleeved button-up shirt, light pink, loose-fitting pants, dark black, barefoot, no visible accessories, no backpack, no glasses, no hat"
0545,"female, light blue short-sleeved top, white short skirt, red flat shoes, black shoulder bag, dark hair, no glasses, no hat"
0546,"female, striped dress, black top, green backpack, no visible footwear, no visible glasses, no visible hat"
0547,"male, green t-shirt, grey shorts, dark-colored sneakers, black backpack, no visible glasses, no visible hat"
0548,"female, light gray long-sleeved top, white pleated skirt, brown sandals, pink shoulder bag, blue shoulder bag, no glasses, no hat"
0549,"female, green short-sleeved top, black patterned skirt, dark-colored flat shoes, shoulder bag, no visible glasses or hat"
0550,"male, black short-sleeved t-shirt with gray and white accents, black shorts, teal athletic shoes, teal backpack, no visible glasses or hat"
0551,"female, sleeveless top, white, shorts, yellow, sandals, white tote bag, no visible backpack, no visible glasses, no visible hat"
0552,"male, polo shirt, dark blue, shorts, light gray, sneakers, red and white, backpack, black, glasses, none"
0553,"male, purple short-sleeved polo shirt, black shorts, black shoes, backpack, glasses"
0554,"male, pink short-sleeved shirt, dark blue shorts, flip-flops, no visible accessories, no glasses, no hat"
0555,"male, polo shirt, orange and dark blue, shorts, dark blue, sneakers, backpack, no glasses, no hat"
0556,"female, dark blue short-sleeved top, black skirt, white sneakers, red shoulder bag, long brown hair, no visible glasses or hat"
0557,"male, t-shirt, shorts, blue, white, dark blue, sneakers, no accessories, no glasses, no hat"
0558,"female, light pink short-sleeved top, light green shorts, light blue flats, black shoulder bag, no glasses, no hat"
0559,"female, white short-sleeved top, light pink patterned skirt, white sneakers, black shoulder bag, no visible glasses, no visible hat"
0560,"female, black tank top, green and black plaid shirt, dark blue denim capri pants, light brown flat sandals, no visible backpack, no visible glasses, no visible hat"
0561,"female, black sleeveless dress, white heels, gray handbag, no backpack, no glasses, no hat"
0562,"male, checkered short-sleeve shirt, blue denim shorts, flip-flops, dark hair, no visible glasses, no visible hat, no visible backpack"
0563,"male, short-sleeved polo shirt, light beige trousers, dark-colored slip-on shoes, balding head, no visible accessories, no glasses, no hat, no backpack"
0564,"female, short-sleeved shirt, light gray, shorts, light gray, sandals, shoulder bag, black"
0565,"female, white short-sleeved top, black capri pants, light-colored flat sandals, glasses, pink headband, dark green shoulder bag"
0566,"male, t-shirt, purple, sweatpants, gray, sneakers, no visible accessories, no glasses, no hat"
0567,"male, t-shirt, gray, shorts, black, yellow slippers, no visible accessories, no hat, no glasses, no backpack"
0568,"male, black t-shirt with pink graphic, dark blue denim shorts with white trim, flip-flops, glasses"
0569,"male, t-shirt, black shorts, sandals, black shoulder bag"
0570,"male, dark gray t-shirt with white graphic, dark gray knee-length shorts, brown slip-on shoes, no visible accessories, no glasses, no hat, no backpack"
0571,"female, black t-shirt, gray shorts, black sandals, dark-colored backpack, sunglasses"
0572,"male, short-sleeved polo shirt, light blue, khaki pants, dark brown shoes, glasses, dark hair, carrying orange shopping bag"
0573,"male, white sleeveless shirt, black shorts, sandals, no visible accessories, no glasses, no hat, no backpack"
0574,"female, white t-shirt, light gray pants, light-colored sneakers, long dark hair, no visible accessories, no backpack, no glasses, no hat"
0575,"male, white t-shirt, dark gray pants, white sneakers, crossbody bag, no visible glasses, no visible hat"
0576,"male, short-sleeved shirt, light gray with darker gray stripes, track pants, black with white stripes, sneakers, no visible accessories, no glasses, no hat, no backpack"
0577,"female, t-shirt, green, pants, brown shoes, backpack"
0578,"male, light blue button-up shirt, dark gray pants, dark shoes, no visible accessories, no glasses, no hat, no backpack"
0579,"female, short-sleeved dress, gray, flat shoes, dark hair in a bun, carrying a yellow bag, no visible glasses or hat, no backpack"
0580,"female, white long-sleeved shirt, blue jeans, light pink slip-on shoes, green backpack, dark hair, no visible glasses or hat"
0581,"male, yellow t-shirt, dark blue jeans, black sneakers, black cap, blue plastic bag, no backpack, no glasses"
0582,"female, light green long-sleeved top, light brown shorts, beige flat shoes, no visible accessories, no backpack, no glasses, no hat"
0583,"male, short-sleeved t-shirt, red upper half, blue lower half, dark-colored pants, dark-colored shoes, backpack, no visible glasses, no visible hat"
0584,"male, short-sleeved shirt, white, dark trousers, light-colored sneakers, glasses, blue folder"
0585,"female, short-sleeved t-shirt, light green, capri pants, dark green, flip-flops, long dark hair, no visible accessories"
0586,"male, yellow t-shirt, light blue shorts, flip-flops, black shoulder bag"
0587,"female, striped short-sleeve top, dark blue jeans, white sneakers, black shoulder bag, glasses"
0588,"male, red t-shirt, black shorts, white socks, dark-colored shoes, backpack with green and black straps, no visible glasses, no visible hat"
0589,"male, white t-shirt, dark blue shorts, gray sneakers, black backpack, glasses"
0590,"female, short-sleeved top, gray, black skirt, yellow shoes, no visible accessories, no glasses, no hat, no backpack"
0591,"female, red dress, red dress, sandals, shoulder bag, shoulder bag, no glasses, no hat"
0592,"male, red t-shirt, olive green shorts, flip flops, black backpack, glasses"
0593,"male, black t-shirt with graphic design, light blue denim shorts, flip-flops, no visible accessories, dark hair, facial hair, walking"
0594,"female, denim dress, blue, sandals, no visible backpack, no visible glasses, no visible hat"
0595,"female, short-sleeved top, pink, skirt, blue, flat shoes, shoulder bag, dark hair, no glasses, no hat"
0596,"female, white short-sleeved shirt, black pants, light-colored sandals, orange backpack, no visible glasses or hat"
0597,"male, blue short-sleeved shirt, black shorts, dark-colored socks, sneakers, backpack, cap, glasses"
0598,"male, dark grey t-shirt, black shorts, green and white sneakers, blue backpack, sunglasses, green headband"
0599,"male, short-sleeved button-up shirt, light blue, black shorts, sandals, hat, glasses"
0600,"female, black vest, gray short-sleeved shirt, blue denim shorts, barefoot, red inner shirt visible, pink handbag, no visible backpack, no visible glasses, no visible hat"
0601,"male, purple t-shirt, black shorts, white sneakers, black shoulder bag, no visible glasses, no visible hat"
0602,"female, sleeveless vest, light beige shorts, brown sandals, shoulder bag, no glasses, no hat"
0603,"male, white short-sleeved shirt, gray shorts, light-colored sneakers, black backpack, dark hair, no visible glasses, no visible hat"
0604,"male, white t-shirt, black shorts with green stripe, red sneakers, black backpack, no glasses, no hat"
0605,"female, black sleeveless dress, black dress, orange shoulder bag, beige flat sandals, no visible glasses, no visible hat, no visible backpack"
0606,"male, white t-shirt, gray shorts, green sneakers, glasses"
0607,"female, t-shirt, white, jeans, black, sneakers, backpack, black"
0608,"male, dark blue t-shirt with red graphic, dark blue shorts, flip-flops, no visible accessories, no hat, no glasses, no backpack"
0609,"male, dark blue short-sleeved shirt, light beige shorts, light brown sandals, shoulder bag, no visible glasses, no visible hat"
0610,"male, white tank top, black shorts, gray sneakers, black cap, backpack"
0611,"female, white short-sleeved shirt, black capri pants, yellow shoes, black backpack, glasses"
0612,"male, t-shirt, gray, shorts, gray, sneakers, backpack, black"
0613,"male, gray t-shirt, khaki shorts, white sneakers, black backpack, glasses, dark hair"
0614,"male, black t-shirt, dark jeans, sneakers, glasses, no backpack, no hat"
0615,"male, red short-sleeved shirt, brown trousers, white sneakers, black briefcase"
0616,"male, yellow short-sleeved shirt, grey shorts, white rain boots, no visible accessories, no glasses, no hat"
0617,"male, yellow polo shirt, gray cargo pants, white rain boots, no visible backpack, no visible glasses, no visible hat"
0618,"male, black t-shirt, grey panel on shoulders, black shorts, flip-flops, red and black backpack, no visible glasses, no visible hat"
0619,"male, black t-shirt, blue jeans, white cap, dark-colored backpack, dark-colored shoes, no visible glasses"
0620,"male, black t-shirt, white shorts, barefoot, black cap, no visible backpack, no visible glasses"
0621,"male, short-sleeved vest, white, short-sleeved shirt, dark blue, light gray pants, dark shoes, no visible accessories, no hat, no glasses, no backpack"
0622,"female, short-sleeved blouse, peach, capri pants, white, sandals, visor hat"
0623,"male, striped short-sleeved shirt, dark shorts, sneakers, backpack, no visible glasses, no visible hat"
0624,"male, short-sleeved shirt, gray, khaki pants, dark-colored shoes, no visible accessories, no hat, no glasses, no backpack"
0625,"male, striped polo shirt, purple and white stripes, blue jeans, flip flops, no visible accessories, no backpack, no glasses, no hat"
0626,"female, white kurta, white salwar, white footwear, headscarf, glasses, shoulder bag"
0627,"male, white t-shirt, dark pants, barefoot, black cap"
0628,"female, gray t-shirt, neon yellow shorts, brown sandals, red shoulder bag"
0629,"female, t-shirt, blue, shorts, green, flat shoes, black, no visible backpack, no visible glasses, no visible hat"
0630,"female, black sleeveless top, black capri pants, barefoot, white scarf draped over shoulders, red shoulder bag, long dark hair, no visible glasses or hat"
0631,"female, pink sleeveless dress, light blue sun hat, white open cardigan, brown flat sandals, no visible backpack, no visible glasses"
0632,"male, dark blue short-sleeved shirt, beige shorts, barefoot, brown shoulder bag, no visible glasses or hat"
0633,"male, short-sleeved shirt, light gray, dark gray pants, dark gray shoes, no visible accessories, no hat, no glasses, no backpack"
0634,"male, tank top, black shorts, dark-colored sneakers, no visible backpack, no visible glasses, no visible hat"
0635,"male, white t-shirt, dark pants, blue sneakers, black backpack, glasses"
0636,"male, checkered short-sleeved shirt, dark trousers, white sneakers, no visible accessories, no hat, no glasses, no backpack"
0637,"female, dress, white with dark horizontal stripes, flat sandals, backpack, no glasses, no hat"
0638,"female, white short-sleeved dress with small dark polka dots, light brown flat sandals, no visible backpack, no visible glasses, no visible hat"
0639,"male, short-sleeved t-shirt, green, shorts, dark green, sneakers, no visible accessories, no glasses, no hat, no backpack"
0640,"female, light-colored short-sleeved dress, light beige or off-white, flat sandals, no visible accessories, no glasses, no hat, no backpack"
0641,"male, black t-shirt, black shorts, dark-colored sneakers, no visible accessories, no hat, no glasses, no backpack"
0642,"male, t-shirt, grey, shorts, grey, sneakers, red, backpack, dark purple, balding, no glasses, no hat"
0643,"male, black t-shirt, dark jeans, white sneakers, beard, no visible accessories, no hat, no glasses, no backpack"
0644,"female, white short-sleeved top, light gray shorts, barefoot, black backpack, holding green umbrella, no visible glasses or hat"
0645,"male, dark gray t-shirt, dark gray shorts, brown sandals, green and black backpack"
0646,"female, white t-shirt, teal graphic on front, dark blue jeans, pink sneakers, red backpack with black bottom, long dark hair in ponytail, carrying large beige tote bag, no visible glasses or hat"
0647,"male, t-shirt, beige, shorts, dark gray, sandals, cap, black"
0648,"female, white short-sleeved t-shirt, beige shorts, white sneakers, purple shoulder bag, no visible backpack, no visible glasses, no visible hat"
0649,"male, short-sleeved polo shirt, purple, loose-fitting pants, black, athletic sneakers with neon green accents, black cap, no visible accessories, no glasses, no backpack"
0650,"male, white t-shirt with graphic design, orange shorts, flip-flops, no visible accessories, no glasses, no hat, no backpack"
0651,"male, white t-shirt, dark pants, dark shoes, backpack, no glasses, no hat"
0652,"female, white t-shirt, black pants, gray sneakers, black backpack, short dark hair, no visible glasses"
0653,"female, checkered dress, yellow and white, flat sandals, shoulder bag, dark hair, no glasses, no hat"
0654,"female, short-sleeved shirt, teal and purple floral pattern, khaki shorts, white slip-on shoes, shoulder bag, no visible glasses, no visible hat"
0655,"male, gray t-shirt, dark shorts, sandals, black backpack"
0656,"male, purple t-shirt, black shorts, flip-flops, white shoulder bag"
0657,"male, short-sleeved t-shirt, gray, dark-colored pants, white sneakers, no visible accessories, no backpack, no glasses, no hat"
0658,"male, black t-shirt, black shorts, green sneakers, no visible backpack, no visible glasses, no visible hat"
0659,"male, t-shirt, dark gray, shorts, dark gray, flip-flops, backpack, dark gray"
0660,"female, sleeveless top, brown, skirt, white, flip flops, no visible accessories, no hat, no glasses, no backpack"
0661,"male, striped shirt, dark green, shorts, dark green, sneakers, no visible accessories, no hat, no glasses, no backpack"
0662,"female, short-sleeved t-shirt, brown, brown shorts, flip-flops, shoulder bag, no visible glasses, no visible hat"
0663,"female, black t-shirt, white stripe on t-shirt, black pants, dark gray sneakers, red backpack, long dark hair, no visible glasses, no visible hat"
0664,"male, plaid shirt, light gray shorts, flip flops, white plastic bag, no backpack, no glasses, no hat"
0665,"female, black long-sleeved top with white and red stripe across chest, black shorts, flip-flops, black baseball cap, plastic bag in left hand"
0666,"female, short-sleeved t-shirt, light blue, capri pants, light gray, sandals, no visible accessories, no backpack, no glasses, no hat"
0667,"male, striped t-shirt, blue and white stripes, gray shorts, sandals, no visible accessories, no glasses, no hat, no backpack"
0668,"male, light gray t-shirt, dark gray shorts, dark gray slip-on shoes, no visible accessories, no backpack, no glasses, no hat"
0669,"male, white t-shirt, black shorts, red sneakers, no visible accessories, no hat, no glasses, no backpack"
0670,"male, dark grey t-shirt, light grey shorts, flip flops, no visible backpack, no visible glasses, no visible hat"
0671,"male, black t-shirt, green graphic on t-shirt, black shorts, flip-flops, black backpack, no visible glasses, no visible hat"
0672,"male, yellow t-shirt, dark gray shorts, white sneakers, black backpack, glasses"
0673,"female, short-sleeved t-shirt, red, khaki pants, flip-flops, no visible accessories, no backpack, no glasses, no hat"
0674,"male, blue t-shirt, grey shorts, white socks, sneakers, no visible accessories, no glasses, no hat, no backpack"
0675,"female, black sleeveless dress, black short-sleeved dress, red flat shoes, carrying a patterned tote bag, no visible glasses, no visible hat, no visible backpack"
0676,"female, short-sleeved shirt, brown, dark blue jeans, light brown flat shoes, black hair, no visible backpack, no visible glasses, no visible hat"
0677,"male, plaid shirt, dark blue denim shorts, black sneakers, dark cap, no visible backpack, no visible glasses"
0678,"male, red short-sleeved t-shirt, beige trousers, red and white sneakers, glasses, no backpack, no hat"
0679,"male, short-sleeved button-up shirt, green and white stripes, dark blue shorts, dark-colored sneakers, black tote bag, dark hair, no visible glasses, no visible hat, no visible backpack"
0680,"female, short-sleeved button-up shirt, light-colored with dark pattern, blue jeans, light-colored flat shoes, dark hair, no visible accessories, no glasses, no hat, no backpack"
0681,"male, t-shirt, black, shorts, green with white pattern, flip-flops, backpack, black, glasses, none"
0682,"female, short-sleeved t-shirt, light gray, shorts, light gray, white sneakers, purple backpack, no glasses, no hat"
0683,"male, short-sleeved polo shirt, maroon, khaki shorts, flip-flops, shoulder bag, dark-colored cap, no visible glasses, no visible backpack"
0684,"female, short-sleeved top, dark gray, long skirt, dark gray, sandals, shoulder-length hair, no visible glasses, no visible backpack, no visible hat"
0685,"male, gray t-shirt, beige shorts, black flip-flops, dark hair, no visible accessories, no glasses, no backpack, no hat"
0686,"female, white tank top, light blue denim shorts, white sneakers, brown backpack, red hair, hat"
0687,"male, long-sleeved shirt, blue, jeans, white sneakers, black shoulder bag, dark hair, no visible glasses, no visible hat"
0688,"male, white polo shirt, black pants, black sneakers, black shoulder bag, no visible glasses, no visible hat"
0689,"female, plaid short-sleeved shirt, black shorts, white sneakers, shoulder bag, dark hair, no visible glasses, no visible hat, no visible backpack"
0690,"female, patterned short-sleeve shirt, dark shorts, black ankle boots, brown shoulder bag, no visible glasses, no visible hat"
0691,"female, light blue short-sleeved shirt, beige pants, yellow sneakers, black shoulder bag, no visible glasses, no visible hat"
0692,"female, short-sleeved t-shirt, light gray, black capri pants, barefoot, shoulder bag, brown, no glasses, no hat"
0693,"male, dark grey t-shirt, light grey pants, dark grey sneakers, black backpack with white stripes"
0694,"female, hoodie, yellow, t-shirt, white, capri pants, black, sneakers, no visible accessories, no glasses, no hat, no backpack"
0695,"male, t-shirt, white, shorts, beige, flip-flops, backpack, brown, glasses"
0696,"boy, striped shirt, multicolored stripes, blue jeans, sandals, no accessories, no hat, no glasses, no backpack"
0697,"female, floral printed short-sleeved blouse, black trousers, white shoes, carrying a light-colored handbag, no visible glasses or hat"
0698,"female, pink short-sleeved shirt, dark blue jeans, white sneakers, backpack, pink umbrella"
0699,"male, black t-shirt, dark gray shorts, black slip-on shoes, white backpack with black straps, no visible glasses or hat"
0700,"female, gray striped t-shirt, black pants, white sneakers, carrying a teal tote bag, holding an umbrella, no visible backpack, no visible glasses, no visible hat"
0701,"female, light-colored dress, light blue umbrella, beige handbag, sandals"
0702,"male, short-sleeved shirt, light gray, dark gray pants, brown sandals, no visible accessories, no hat, no glasses, no backpack"
0703,"female, white tank top, light beige shorts, yellow slip-on shoes, dark blue backpack, no visible glasses or hat"
0704,"male, polo shirt, teal, trousers, black, shoes, glasses"
0705,"female, white t-shirt, dark blue jeans, red shoes, glasses, no backpack, no hat"
0706,"female, pink short-sleeved top, light blue denim shorts, brown flat shoes, dark purple backpack, no visible glasses or hat"
0707,"male, black t-shirt, black shorts, green sneakers, white socks, no visible accessories, no hat, no glasses, no backpack"
0708,"male, sleeveless shirt, teal, long pants, dark-colored shoes, backpack with graphic design, no visible glasses, no visible hat"
0709,"male, short-sleeved shirt, light beige, dark trousers, dark shoes, no visible accessories, no glasses, no hat, no backpack"
0710,"female, white tank top, light blue jeans, white sneakers, patterned backpack, red umbrella, no visible glasses, no visible hat"
0711,"female, short-sleeved shirt, light blue, skirt, dark gray, sandals, backpack, dark blue, no glasses, no hat"
0712,"male, short-sleeved shirt, light gray, dark pants, dark shoes, black cap"
0713,"female, short-sleeved dress, light blue with white floral pattern, flat sandals, carrying a large white plastic bag, holding a yellow handbag, dark hair, no visible glasses or hat"
0714,"female, short-sleeved t-shirt, light gray, loose-fitting pants, dark green, flat shoes, dark green, long hair tied back, no visible backpack, no visible glasses, no visible hat"
0715,"female, green short-sleeved t-shirt, dark blue shorts, white sneakers, glasses, no visible backpack or hat"
0716,"female, light gray short-sleeved button-up shirt, dark gray or black trousers, white sneakers, light blue umbrella, dark hair, no visible backpack, no visible glasses, no visible hat"
0717,"male, gray t-shirt, dark jeans, white sneakers, black shoulder bag"
0718,"male, short-sleeved shirt, gray, jeans, dark-colored shoes, glasses, no backpack, no hat, no visible wristwatch"
0719,"male, black t-shirt, blue jeans, white sneakers, black backpack, glasses, short hair"
0720,"male, yellow t-shirt, white shorts, white sneakers, black backpack, glasses"
0721,"female, yellow t-shirt, light blue denim shorts, pink sneakers, purple backpack, long dark hair, no visible glasses, no visible hat"
0722,"male, short-sleeved t-shirt, yellow, trousers, dark grey, footwear, backpack, dark brown, no glasses, no hat"
0723,"male, yellow t-shirt, black shorts, black sneakers, black shoulder strap, glasses"
0724,"male, yellow t-shirt, white shorts, dark blue flip-flops, blue backpack, no glasses, no hat"
0725,"male, yellow t-shirt, black shorts, blue sneakers, brown backpack with white circular details"
0726,"male, t-shirt, dark blue, shorts, light blue, flip flops, backpack, black"
0727,"male, blue t-shirt, dark gray shorts, flip-flops, no visible accessories, no glasses, no hat, no backpack"
0728,"male, short-sleeved shirt, light blue, dark blue trousers, dark-colored shoes, cap with visor, no visible backpack, no visible glasses"
0729,"male, orange t-shirt, dark blue shorts, dark gray sneakers, black backpack, no visible glasses, no visible hat"
0730,"female, patterned short-sleeve top, black pants, flat sandals, no visible accessories, no glasses, no hat"
0731,"male, light blue shirt, dark tie, dark trousers, dark shoes, police cap"
0732,"male, short-sleeved shirt, white, trousers, black, shoes, no visible accessories, no glasses, no hat, no backpack"
0733,"female, sleeveless top, light gray, capri pants, light gray, sandals, long dark hair, no visible accessories"
0734,"female, white short-sleeved top, light beige open-front cardigan, blue floral skirt with pink and white pattern, black high-heeled shoes, dark brown hair in a ponytail, no visible accessories, no glasses, no backpack, no hat"
0735,"male, black t-shirt, olive green shorts, flip-flops, dark hair, no visible accessories, no glasses, no backpack"
0736,"male, long-sleeved shirt, light gray, gray pants, dark-colored shoes, backpack, hat, sunglasses"
0737,"female, sleeveless dress, light blue, white flat shoes, pink handbag"
0738,"female, light blue short-sleeved shirt, light blue capri pants, white handbag, dark-colored flat shoes, sunglasses, long dark hair"
0739,"male, t-shirt, brown, jeans, dark brown shoes, red shoulder bag, no glasses, no hat"
0740,"female, short-sleeved t-shirt, pink, black pants, white sneakers, green cap, no visible backpack, no visible glasses"
0741,"female, short-sleeved shirt, light pink skirt, red headband, brown sandals, black handbag, blue backpack, no glasses"
0742,"male, red t-shirt, beige pants, dark-colored shoes, black shoulder bag, no visible glasses, no visible hat"
0743,"female, black short-sleeved t-shirt with colorful graphic, dark blue jeans, light brown flat shoes, brown shoulder bag, no visible backpack, no visible glasses, no visible hat"
0744,"female, black t-shirt, black pants with white stripes, dark-colored shoes, carrying a dark blue tote bag, holding a red and white package, no visible glasses or hat"
0745,"male, dark grey short-sleeved t-shirt, black shorts with white stripes, flip-flops, no visible backpack, no visible glasses, no visible hat"
0746,"female, short-sleeved blouse, black skirt, white blouse, flat sandals, no visible backpack, no visible glasses, no visible hat"
0747,"male, black t-shirt with white graphic, black knee-length shorts, brown sandals, black backpack, black baseball cap, no visible glasses"
0748,"female, patterned short-sleeve shirt, blue jeans, yellow flip-flops, no visible backpack, no visible glasses, no visible hat"
0749,"male, striped short-sleeved shirt, light gray pants, dark shoes, no visible accessories, no hat, no glasses, no backpack"
0750,"male, striped short-sleeve shirt, pink, white, dark gray, plaid shorts, gray sneakers, glasses"
0751,"male, short-sleeved button-up shirt, black and white vertical stripes, khaki-colored pants, white sneakers, no visible accessories, no hat, no glasses, no backpack"
0752,"boy, sleeveless tank top, camouflage pattern, camouflage pants, sneakers, no visible accessories, no hat, no glasses, no backpack"
0753,"male, white short-sleeved shirt, khaki shorts, flip-flops, black backpack, no visible glasses, no visible hat"
0754,"male, yellow t-shirt with white and gray gradient design, blue jeans, brown shoes, no visible accessories, no hat, no glasses, no backpack"
0755,"female, short-sleeved floral shirt, light beige shorts, dark sandals, dark cap, no visible backpack, no visible glasses"
0756,"female, striped short-sleeve top, beige capri pants, barefoot, no visible accessories"
0757,"male, short-sleeved shirt, light green, shorts, light brown, barefoot, no visible accessories, no backpack, no glasses, no hat"
0758,"male, gray t-shirt, blue jeans, dark-colored shoes, carrying a dark backpack, no visible glasses or hat"
0759,"male, white t-shirt, black shorts, pink slippers, black backpack"
0760,"male, light blue short-sleeved shirt, dark blue jeans, white sneakers, backpack, dark cap, no glasses"
0761,"female, gray t-shirt, dark shorts, white sneakers, red backpack, no visible glasses or hat"
0762,"female, black short-sleeved shirt, black pants, dark-colored shoes, white bucket hat, beige shoulder bag, no visible glasses"
0763,"male, short-sleeved t-shirt, blue, shorts, brown, flip-flops, no visible accessories, no hat, no glasses, no backpack"
0764,"male, yellow t-shirt, gray cargo pants, dark-colored shoes, black shoulder bag"
0765,"female, white short-sleeved polo shirt, dark blue or black pants, white sneakers, dark hair tied back in a ponytail, no visible accessories, no glasses, no hat, no backpack"
0766,"male, striped polo shirt, dark shorts, flip flops, backpack"
0767,"male, black t-shirt, dark blue shorts, brown sandals, no visible backpack, no visible glasses, no visible hat"
0768,"female, light green short-sleeved top, light-colored shorts, barefoot, white backpack with red accents, long dark hair, no glasses, no hat"
0769,"female, white sleeveless top, white skirt, beige flat sandals, black shoulder bag, necklace"
0770,"male, t-shirt, gray, shorts, gray, sneakers, no visible accessories, no hat, no glasses, no backpack"
0771,"female, short-sleeved button-up shirt, light gray, loose-fitting pants, light gray, slip-on shoes, gray cap, no visible glasses, no visible backpack"
0772,"female, white t-shirt, black shorts, grey sneakers, brown backpack, no glasses, no hat"
0773,"male, white t-shirt, black shorts, grey sneakers, red backpack, no glasses, no hat"
0774,"male, black long-sleeved shirt with white stripes on sleeves and white lettering across chest, black pants, white sneakers, red and black backpack, no visible glasses, no visible hat"
0775,"female, pink short-sleeved top, white undershirt, dark gray capri pants, light brown flat shoes, yellow backpack"
0776,"female, white short-sleeved t-shirt, dark blue denim overall dress, light brown flat shoes, dark hair tied in a ponytail, no visible backpack, no visible glasses, no visible hat"
0777,"male, black t-shirt, light gray shorts, gray sneakers, red and black backpack, no glasses, no hat"
0778,"male, blue t-shirt, grey shorts, black flip-flops, no visible backpack, no visible glasses, no visible hat"
0779,"female, short-sleeved t-shirt, pink, striped skirt, light green, white hat, green shoes, pink handbag"
0780,"male, checkered short-sleeve shirt, blue shorts, barefoot, no visible accessories, no glasses, no hat"
0781,"female, white short-sleeved button-up shirt, black trousers, dark-colored flat shoes, dark-colored cap worn backward, no visible backpack, no visible glasses"
0782,"female, short-sleeved shirt, light pink, dark pants, light-colored shoes, shoulder bag, dark-colored, no visible glasses, no visible hat"
0783,"female, striped long-sleeve shirt, beige pants, flat shoes, red backpack with white stripes"
0784,"female, t-shirt, denim shorts, white sneakers, light green tote bag, no visible glasses, no visible hat, no visible backpack"
0785,"male, short-sleeved shirt, dark blue, dark trousers, light brown shoes, backpack, glasses"
0786,"male, yellow t-shirt, dark gray shorts, black athletic shoes, white socks, no visible accessories, no hat, no glasses, no backpack"
0787,"male, yellow t-shirt, black shorts, white socks, black sneakers, no visible accessories, no hat, no glasses, no backpack"
0788,"male, white t-shirt, gray pants, dark-colored sneakers, no visible backpack, no visible glasses, no visible hat"
0789,"male, polo shirt, purple, shorts, black, sandals, backpack, black"
0790,"female, black sleeveless dress, black sandals, black cap, no visible backpack, no visible glasses"
0791,"male, black t-shirt, black pants, dark-colored shoes, backpack, no visible glasses, no visible hat"
0792,"male, gray t-shirt, dark gray shorts, light gray sneakers, black backpack, short brown hair, no visible glasses, no visible hat"
0793,"male, white short-sleeved shirt, beige pants, brown shoes, no visible accessories, no hat, no glasses, no backpack"
0794,"male, short-sleeved button-up shirt, light pink, khaki shorts, white sneakers, no visible accessories, no glasses, no hat"
0795,"female, white short-sleeved top, light-colored shorts, white sandals, red bag, dark hair in ponytail"
0796,"female, white t-shirt, blue jeans, green sneakers, patterned backpack, glasses"
0797,"male, t-shirt, brown, sandals, glasses, no backpack, no hat"
0798,"female, sleeveless dress, green and white pattern, white sneakers, glasses, no visible backpack, no visible hat"
0799,"male, gray t-shirt, black shorts, white sneakers, black cap, no visible backpack, no visible glasses"
0800,"male, short-sleeved button-up shirt, light pink, dark trousers, dark shoes, no visible accessories, no glasses, no hat, no backpack"
0801,"male, t-shirt, maroon, shorts, gray, sandals, backpack, black"
0802,"male, black t-shirt, blue jeans, white sneakers, backpack, glasses"
0803,"male, t-shirt, black, shorts, blue and white striped, sandals, backpack, white with black straps, no glasses, no hat"
0804,"female, red short-sleeved shirt, dark blue denim shorts, light brown flip-flops, black and white patterned shoulder bag, white face mask, dark hair tied back with yellow hair tie"
0805,"male, yellow t-shirt with black graphic, blue shorts, gray sneakers, black shoulder bag, no visible glasses, no visible hat"
0806,"male, t-shirt, dark blue, shorts, dark brown, sneakers, backpack, no glasses, no hat"
0807,"female, black short-sleeved top, multicolored floral skirt, black flat sandals, glasses, no visible backpack or hat"
0808,"male, t-shirt, shorts, sneakers, no visible accessories, no visible glasses, no visible hat, no visible backpack"
0809,"female, lace dress, light green, flat shoes, backpack, glasses"
0810,"male, yellow t-shirt, plaid shorts, orange and white sneakers, black backpack with white pattern, glasses, short dark hair"
0811,"female, short-sleeved t-shirt, yellow, skirt, black with white polka dots, flat shoes, pink backpack"
0812,"female, yellow t-shirt, black capri pants, brown sandals, black shoulder bag, no visible glasses, no visible hat"
0813,"male, short-sleeved button-up shirt, light blue, dark trousers, dark shoes, no visible accessories, no glasses, no hat, no backpack"
0814,"male, sleeveless tank top, black, shorts, black, flip flops, backpack, no glasses, no hat"
0815,"male, white vest, red and white patterned sleeves, black pants, black shoes, checkered cap"
0816,"male, t-shirt, dark gray shorts, white sneakers with green accents, black baseball cap, no visible backpack, no visible glasses"
0817,"male, purple short-sleeved t-shirt, dark grey capri pants, dark-colored flip-flops, black baseball cap, no visible backpack, no visible glasses"
0818,"male, orange t-shirt, dark gray shorts, dark gray slip-on shoes, no visible accessories, no hat, no glasses, no backpack"
0819,"male, white t-shirt, black pants, white sneakers, brown backpack, no glasses, no hat"
0820,"female, dress, light pink, flat sandals, shoulder bag, brown"
0821,"male, short-sleeved shirt, light pink, trousers, black, barefoot, no accessories"
0822,"male, white t-shirt, green shorts, dark sneakers, backpack, no glasses, no hat"
0823,"female, light pink long-sleeved top, light blue denim shorts, flat sandals, dark hair in loose waves, no visible backpack, no visible glasses, no visible hat"
0824,"male, white t-shirt, gray shorts, white sneakers, brown shoulder bag, glasses"
0825,"male, polo shirt, lime green, shorts, black, sneakers, white, glasses, no backpack, no hat"
0826,"male, light gray short-sleeved shirt, dark gray shorts, light blue athletic shoes, black shoulder bag, no visible glasses, no visible hat"
0827,"female, striped dress, blue and white, flat shoes, shoulder bag"
0828,"male, dark blue short-sleeved shirt, dark brown shorts, white socks, green and white sneakers, no visible accessories, no glasses, no hat, no backpack"
0829,"female, black short-sleeved t-shirt, bright pink shorts, bright pink athletic shoes, dark sunglasses, no visible backpack, no visible hat"
0830,"male, green t-shirt, blue shorts, white sneakers, glasses, black backpack"
0831,"female, gray t-shirt with pink graphic, dark blue capri pants, brown flat shoes, carrying a gray shoulder bag, dark hair, no visible glasses or hat"
0832,"male, dark brown t-shirt, maroon pants, white sneakers, black cap, no visible backpack, no visible glasses"
0833,"male, light blue short-sleeved shirt, light beige trousers, white sneakers, dark green and black backpack with yellow trim, no visible glasses, no visible hat"
0834,"male, short-sleeved button-up shirt, light gray, dark trousers, dark shoes, no visible backpack, no visible glasses, no visible hat"
0835,"male, light-colored short-sleeved shirt, light gray trousers, dark-colored shoes, no visible backpack, no visible glasses, no visible hat"
0836,"male, short-sleeved shirt, light gray, khaki pants, dark brown shoes, black briefcase, no visible backpack, no visible glasses, no visible hat"
0837,"male, short-sleeved shirt, light gray, dark pants, dark shoes, no visible accessories, no hat, no glasses, no backpack"
0838,"male, white short-sleeved shirt, dark trousers, dark shoes, black shoulder bag, no visible glasses, no visible hat"
0839,"male, short-sleeved button-up shirt, white, dark trousers, dark shoes, no visible accessories, no glasses, no hat, no backpack"
0840,"male, light gray short-sleeved shirt, dark gray trousers, dark gray shoes, carrying black briefcase, no visible accessories, no glasses, no hat"
0841,"male, gray short-sleeved shirt, light gray pants, black shoes, black shoulder bag, no visible glasses, no visible hat"
0842,"male, short-sleeved shirt, red, khaki pants, white sneakers, lanyard with badge, no backpack, no glasses, no hat"
0843,"female, two-piece outfit, top is beige, skirt is pink, high-heeled shoes, carrying a handbag with a patterned design, no backpack, no glasses, no hat"
0844,"male, short-sleeved shirt, light gray, black sleeves, khaki pants, brown shoes, lanyard with ID card, no backpack, no glasses, no hat"
0845,"male, red polo shirt, dark green pants, dark shoes, no visible accessories, no glasses, no hat, no backpack"
0846,"male, light gray short-sleeved button-up shirt, dark gray or black trousers, dark brown or black shoes, no visible backpack, no visible glasses, no visible hat"
0847,"male, short-sleeved button-up shirt, blue and white checkered pattern, light beige trousers, brown slip-on shoes, no visible accessories, no glasses, no hat, no backpack"
0848,"male, white short-sleeved shirt, gray trousers, dark shoes, black briefcase"
0849,"female, black dress, pink shoulder bag, sandals, no visible glasses, no visible hat"
0850,"female, short-sleeved top, gray, skirt, gray with white floral pattern, sandals, green shoulder bag"
0851,"female, short-sleeved top, purple, capri pants, pink, flip flops, umbrella, shoulder bag, dark brown, no glasses, no hat"
0852,"male, white t-shirt, black pants, pink slip-on shoes, glasses, no visible backpack or hat"
0853,"female, black dress, purple top, beige flats, black handbag, white lanyard with badge, no glasses, no hat"
0854,"male, short-sleeved shirt, light green, loose-fitting pants, beige, dark brown shoes, brown shoulder bag, no visible glasses, no visible hat"
0855,"male, white short-sleeved shirt, dark gray trousers, dark-colored shoes, no visible backpack, no visible glasses, no visible hat"
0856,"male, purple polo shirt, blue jeans, dark-colored shoes, no visible accessories, no glasses, no hat, no backpack"
0857,"male, gray t-shirt, dark pants, dark shoes, black shoulder bag"
0858,"male, striped polo shirt, light blue and white stripes, dark trousers, dark shoes, lanyard with ID badge, no visible backpack, no visible glasses, no visible hat"
0859,"male, light gray trousers, light gray short-sleeved shirt, dark brown loafers, black shoulder bag, no visible glasses, no visible hat"
0860,"male, white t-shirt, dark grey pants, black shoes, no visible backpack, no visible glasses, no visible hat"
0861,"male, dark brown short-sleeved polo shirt, dark gray trousers, brown shoes, black shoulder bag, no visible glasses, no visible hat, no visible backpack"
0862,"male, short-sleeved button-up shirt, light gray, dark pants, no visible footwear, no visible accessories"
0863,"male, short-sleeved button-up shirt, light gray, dark gray trousers, dark gray shoes, black shoulder strap, no visible backpack, no visible glasses, no visible hat"
0864,"male, gray short-sleeved shirt, dark gray pants, no visible footwear, black shoulder strap, no visible hat, no visible glasses"
0865,"male, short-sleeved button-up shirt, light blue and white checkered pattern, dark trousers, brown slip-on shoes, no visible backpack, no visible glasses, no visible hat"
0866,"male, short-sleeved button-up shirt, pink, dark trousers, dark shoes, lanyard with ID badge, no backpack, no glasses, no hat"
0867,"male, light gray short-sleeved shirt, gray trousers, brown shoes, no visible glasses, no visible hat, carrying black briefcase"
0868,"male, short-sleeved striped shirt, light beige trousers, dark-colored shoes, carrying black briefcase, no visible backpack, no visible glasses, no visible hat"
0869,"male, short-sleeved button-up shirt, light gray, jeans, brown shoes, lanyard, no visible backpack, no visible glasses, no visible hat"
0870,"male, light-colored button-up shirt, beige trousers, dark-colored casual shoes, black shoulder bag, no visible glasses, no visible hat"
0871,"male, white t-shirt, dark green shorts, brown sandals, black backpack with white logo"
0872,"male, light pink short-sleeved shirt, gray trousers, dark-colored shoes, brown shoulder bag, no visible glasses or hat"
0873,"male, short-sleeved shirt, blue, trousers, black, shoes, no visible accessories"
0874,"male, white t-shirt, black shorts, sneakers, cap, no visible backpack, no visible glasses"
0875,"male, striped polo shirt, dark blue jeans, brown shoes, lanyard with badge, no backpack, no glasses, no hat"
0876,"male, short-sleeved shirt, light gray, dark gray pants, dark brown shoes, glasses, no visible backpack, no visible hat"
0877,"male, white t-shirt, dark gray pants, black shoes, black shoulder bag"
0878,"female, short-sleeved t-shirt, light green, denim shorts, light brown flat shoes, black and white polka dot shoulder bag, dark hair tied back, no visible glasses, no visible hat"
0879,"male, gray t-shirt, black shorts, flip-flops, no visible accessories, no backpack, no glasses, no hat"
0880,"male, white short-sleeved shirt, black trousers, barefoot, no visible accessories, no backpack, no glasses, no hat"
0881,"male, short-sleeved button-up shirt, light purple and white stripes, dark trousers, dark shoes, no visible accessories, no glasses, no hat, no backpack"
0882,"female, white short-sleeved top, black long overall skirt, white platform sandals, beige shoulder bag, dark hair tied back, no visible glasses, no visible backpack"
0883,"male, dark brown short-sleeved t-shirt, dark brown trousers, dark brown shoes, lanyard with white ID card, no visible backpack, no visible glasses, no visible hat"
0884,"male, short-sleeved striped polo shirt, light gray trousers, dark belt, dark slip-on shoes, no visible backpack, no visible glasses, no visible hat"
0885,"male, white short-sleeved shirt, dark trousers, dark shoes, lanyard around neck, carrying dark bag over shoulder, no visible glasses or hat"
0886,"male, white short-sleeved shirt, dark trousers, green shoes, silver chain necklace"
0887,"male, short-sleeved checkered shirt, green and white checkered shirt, grey trousers, dark-colored shoes, black shoulder bag, no visible glasses, no visible hat"
0888,"male, striped polo shirt, dark trousers, brown shoes, no visible backpack, no visible glasses, no visible hat"
0889,"female, pink short-sleeved top, dark shorts, sandals, white backpack, green backpack, no glasses, no hat"
0890,"female, short-sleeved dress, light green, flat shoes, shoulder bag, brown leather, no glasses, no hat"
0891,"female, black short-sleeved top, gradient green skirt, pink shoulder bag, flat shoes, no visible glasses, no visible hat"
0892,"male, short-sleeved polo shirt, gray and white horizontal stripes, dark gray or black trousers, dark brown or black casual shoes, lanyard with ID card around neck, no visible backpack, no visible glasses, no visible hat"
0893,"female, sleeveless dress, pink and white floral pattern, flat sandals, dark blue backpack with light blue reflective panel"
0894,"female, black short-sleeved top, white skirt, red sandals, lanyard with badge, no visible backpack, no visible glasses, no visible hat"
0895,"male, short-sleeved polo shirt, blue, khaki pants, sandals, lanyard with badge, no backpack, no glasses, no hat"
0896,"male, short-sleeved shirt, light gray, dark trousers, dark shoes, shoulder bag, no visible glasses, no visible hat"
0897,"male, short-sleeved shirt, gray, dark pants, dark shoes, shoulder bag, no glasses, no hat"
0898,"male, t-shirt, brown, shorts, brown, sneakers, backpack, no glasses, no hat"
0899,"female, short-sleeved t-shirt, light gray, capri pants, light gray, flip-flops, backpack, floral pattern, red and white, no glasses, no hat"
0900,"male, light-colored button-up shirt, dark trousers, dark shoes, no visible backpack, no visible glasses, no visible hat"
0901,"female, white t-shirt, light blue jeans, white sneakers, shoulder bag, glasses"
0902,"male, short-sleeved button-up shirt, light green, shorts, black, flip-flops, no visible accessories, no hat, no glasses, no backpack"
0903,"male, white short-sleeved shirt, black trousers, dark-colored shoes, carrying a dark briefcase, no visible backpack, no visible glasses, no visible hat"
0904,"male, light gray short-sleeved shirt, dark gray trousers, dark brown shoes, black briefcase, black cap, no visible glasses"
0905,"female, purple short-sleeved t-shirt, camouflage patterned capri pants, light brown flat sandals, dark hair tied back, no visible glasses, no visible backpack, no visible hat"
0906,"male, short-sleeved shirt, light gray, dark gray pants, dark shoes, no visible accessories, no hat, no glasses, no backpack, no visible bag except a black briefcase held in right hand in some frames"
0907,"male, yellow t-shirt, dark brown shorts, black sneakers, black backpack, black shoulder strap, no visible glasses, no visible hat"
0908,"male, light blue short-sleeved shirt, light brown pants, dark shoes, bald head, no visible glasses, no visible hat, no visible backpack"
0909,"male, t-shirt, maroon, shorts, black, sandals, backpack, glasses"
0910,"female, black short-sleeved top, grayish-green patterned apron, grayish-green pants, white flat shoes, lanyard with ID badge, dark hair tied back, no visible glasses or hat"
0911,"male, black t-shirt, beige cargo shorts, white sneakers, black backpack"
0912,"female, short-sleeved top, red, skirt, black, sandals, glasses, no backpack, no hat, no visible jewelry except possibly a lanyard with badge"
0913,"male, yellow t-shirt, light gray shorts, white sneakers, black backpack with red accent, white baseball cap, no glasses"
0914,"female, red short-sleeved blouse, black skirt, black high-heeled shoes, carrying white plastic bag, no visible backpack, no visible glasses, no visible hat"
0915,"female, green dress, red backpack, flip flops, no glasses, no hat"
0916,"male, black t-shirt, black shorts, white flip-flops, glasses, backpack"
0917,"female, black short-sleeved top, purple shorts, black flat shoes, green shoulder bag, no glasses, no hat"
0918,"male, red t-shirt, gray shorts, dark flip-flops, no visible backpack, no visible glasses, no visible hat"
0919,"male, light-colored short-sleeved shirt, dark trousers, sandals, lanyard with ID card, dark briefcase"
0920,"male, short-sleeved checkered shirt, light gray trousers, dark-colored shoes, lanyard with ID badge, carrying a black briefcase"
0921,"female, sleeveless top, blue capri pants, white sneakers, pink shoulder bag, white lanyard with badge, dark hair, no glasses, no hat, no backpack"
0922,"male, white short-sleeved shirt, black trousers, dark-colored shoes, black shoulder bag, no visible glasses, no visible hat"
0923,"female, white short-sleeved t-shirt, pink capri pants, flip-flops, white baseball cap"
0924,"male, white t-shirt with orange graphic, black shorts, yellow flip-flops, black backpack, no visible glasses, no visible hat"
0925,"male, short-sleeved polo shirt, light gray, dark blue jeans, white sneakers, lanyard with ID badge, no backpack, no glasses, no hat"
0926,"female, floral dress, dark purple with red pattern, flat sandals, backpack, no visible glasses, no visible hat"
0927,"male, black t-shirt, beige cargo pants, black shoes, no visible accessories, short dark hair, visible facial hair, walking posture, outdoor setting, multiple angles, consistent attire across frames"
0928,"female, sleeveless top, black, light gray cardigan, light gray capri pants, flip flops, shoulder bag, dark hair in ponytail"
0929,"female, floral printed short-sleeved top, dark gray capri pants, flat sandals, shoulder bag"
0930,"female, sleeveless vest, grey skirt, white collared shirt, beige flats, brown shoulder bag, dark green shoulder bag, short dark hair, no visible glasses, no visible hat, no visible backpack"
0931,"female, light gray open-front cardigan, black skirt, black flat shoes, beige handbag"
0932,"male, gray t-shirt, black shorts, gray sneakers, black backpack, glasses, dark hair"
0933,"male, purple short-sleeved shirt, dark gray shorts, black flip-flops, black shoulder bag, no visible glasses, no visible hat"
0934,"female, dress, olive green, flip flops, white tote bag"
0935,"male, yellow t-shirt, plaid shorts, white sneakers, black shoulder bag, no visible glasses, no visible hat"
0936,"male, short-sleeved shirt, gray, jeans, dark-colored shoes, shoulder bag, no visible glasses, no visible hat, no visible backpack"
0937,"female, olive green jacket, white and blue striped shirt, blue jeans, brown shoes, blue hat, white lanyard with badge, black handbag, no visible backpack, no visible glasses"
0938,"male, white t-shirt, red and white patterned sleeve, dark shorts, brown shoes, black backpack, no visible glasses, no visible hat"
0939,"male, white t-shirt, grey trousers, dark-colored shoes, black shoulder bag, no visible glasses, no visible hat"
0940,"male, short-sleeved shirt, light gray, loose-fitting pants, light gray, white sneakers, dark-colored shoulder bag, dark-colored cap, no visible glasses"
0941,"male, red polo shirt, dark gray shorts, flip flops, no visible accessories, no glasses, no hat"
0942,"female, checkered short-sleeve top, black capri pants, white sneakers, black shoulder bag, long dark hair, no visible glasses, no visible hat, no visible backpack"
0943,"male, yellow t-shirt, gray shorts, white sneakers, glasses, no backpack, no hat"
0944,"female, dark green short-sleeved top, dark green shorts, yellow shoes, pink handbag, no visible glasses, no visible hat, no visible backpack"
0945,"female, pink floral dress, black flats, red shoulder bag, no glasses, no hat"
0946,"female, black top, plaid skirt, white high heels, red handbag, no visible backpack, no visible glasses, no visible hat"
0947,"male, white short-sleeved shirt, black shorts, gray slip-on shoes, black shoulder bag, no visible glasses, no visible hat"
0948,"male, pink polo shirt, grey shorts, blue sneakers, black shoulder bag"
0949,"male, pink t-shirt, dark grey shorts, dark blue sneakers, black shoulder bag"
0950,"female, short-sleeved t-shirt, beige, wide-leg pants, black, sneakers, no visible accessories, no glasses, no hat"
0951,"female, short-sleeved top, gray, black skirt, flat sandals, purple headband"
0952,"female, white short-sleeved top with lace trim, red leggings, brown flat shoes, black handbag"
0953,"female, short-sleeved blouse, blue, cropped pants, green, flat shoes, brown, glasses, handbag, black"
0954,"male, green and brown striped short-sleeved shirt, light gray pants, dark shoes, sunglasses, carrying a black briefcase"
0955,"male, white t-shirt, dark jeans, dark shoes, black briefcase, no visible hat, no visible glasses"
0956,"male, short-sleeved shirt, light-colored patterned shirt, light-colored pants, brown shoes, black shoulder bag"
0957,"female, light blue short-sleeved top, white pleated skirt, barefoot, brown shoulder bag, dark hair, no glasses, no hat"
0958,"female, purple short-sleeved top, gray overalls, brown sandals, brown shoulder bag"
0959,"male, short-sleeved shirt, light gray, dark pants, dark shoes, shoulder bag, no visible glasses, no visible hat"
0960,"male, t-shirt, black, shorts, gray, sneakers, black, glasses, no backpack, no hat, no visible accessories"
0961,"female, patterned jacket, dark grey leggings, flat sandals, red shoulder bag, dark hair, no visible glasses, no visible hat"
0962,"female, short-sleeved top, light gray, white pants, pink flat shoes, lanyard with ID badge, dark handbag, no glasses, no hat, no backpack"
0963,"female, light gray short-sleeved shirt, light gray long-sleeved shirt, dark blue jeans, pink sneakers, dark brown backpack, glasses"
0964,"female, t-shirt, gray, shorts, gray, sneakers, black handbag"
0965,"female, black short-sleeved top, blue jeans, yellow sneakers, white lanyard with badge, brown hair, no glasses, no backpack, no hat"
0966,"female, white long-sleeved shirt, black pants, red shoes, black shoulder bag, no visible glasses, no visible hat"
0967,"female, light pink short-sleeved top, dark pants, light-colored shoes, carrying a dark shoulder bag, no visible glasses or hat"
0968,"female, sleeveless top, brown shorts, flip flops, black shoulder bag, dark hair, no glasses, no hat"
0969,"male, plaid short-sleeved shirt, dark blue shorts, dark brown shoes, carrying black bag, no visible glasses, no visible hat"
0970,"male, short-sleeved polo shirt, pink, shorts, light green, sneakers, black backpack"
0971,"female, patterned short-sleeve top, black skirt, light green flat shoes, black shoulder bag, no visible glasses, no visible hat, no visible backpack"
0972,"female, light blue short-sleeved top, dark pants, barefoot, carrying a dark shoulder bag, wearing a necklace, no glasses, no hat, no backpack"
0973,"female, white t-shirt with black numbers, black shorts, pink shoes, brown handbag, no visible glasses or hat"
0974,"female, black sleeveless top, white shorts, light-colored flat shoes, dark red handbag, dark hair, no visible glasses or hat"
0975,"female, long-sleeved top, yellow, skirt, black, sandals, backpack, dark blue, no glasses, no hat"
0976,"male, checkered short-sleeved shirt, beige shorts, brown sandals, black shoulder bag, no visible glasses, no visible hat"
0977,"male, blue t-shirt, grey shorts, white sneakers, black backpack"
0978,"male, white t-shirt with black side panels, beige shorts, flip-flops, no visible backpack, no visible glasses, no visible hat"
0979,"male, white t-shirt with green and yellow graphic, black shorts, flip-flops, no visible accessories, no backpack, no glasses, no hat"
0980,"female, plaid shirt, light gray pants, red shoes, no visible accessories, no glasses, no hat, no backpack"
0981,"female, short-sleeved shirt, light beige, pants, teal, sneakers, glasses, long ponytail"
0982,"female, white sleeveless top, black capri pants, light blue sneakers, pink water bottle, hair tied in bun"
0983,"male, white t-shirt, light gray pants, dark shoes, black briefcase, no visible glasses, no visible hat, no visible backpack"
0984,"male, white short-sleeved shirt, dark trousers, dark shoes, black shoulder bag"
0985,"male, light blue short-sleeved shirt, light blue jeans, brown sandals, black briefcase, no visible hat, no visible glasses, no visible backpack"
0986,"male, short-sleeved button-up shirt, light blue, gray trousers, dark-colored shoes, black briefcase, no visible backpack, no visible glasses, no visible hat"
0987,"male, dark grey short-sleeved shirt, grey trousers, dark grey shoes, black briefcase, no visible backpack, no visible glasses, no visible hat"
0988,"male, short-sleeved t-shirt, light green, black pants, dark-colored sneakers, backpack, no glasses, no hat"
0989,"male, t-shirt, khaki shorts, dark-colored sneakers, backpack, no glasses, no hat"
0990,"female, white t-shirt with horizontal stripes, blue jeans, light brown flat shoes, green backpack, no visible glasses, no visible hat"
0991,"male, short-sleeved shirt, light blue, dark blue jeans, dark-colored shoes, lanyard with ID badge, no backpack, no visible glasses, no hat"
0992,"male, short-sleeved shirt, red and gray horizontal stripes, dark pants, dark sandals, no visible accessories, no hat, no glasses, no backpack"
0993,"male, short-sleeved shirt, light blue and white gradient, shorts, light gray, sneakers, no visible accessories, no glasses, no hat, no backpack"
0994,"female, loose-fitting short-sleeved top, light brown, loose-fitting pants, light brown, flat shoes, glasses, lanyard with ID badge, dark-colored briefcase"
0995,"female, green cardigan, white t-shirt, beige pants, white sneakers, black handbag, lanyard with ID card, long dark hair, no visible glasses, no visible hat"
0996,"female, pink long-sleeved top, patterned gray and white skirt, brown flat shoes, no visible accessories, dark hair"
0997,"female, long-sleeved button-up shirt, light blue, skirt, light yellow, sandals, baseball cap, light blue"
0998,"female, short-sleeved t-shirt, yellow, shorts, white, flip-flops, backpack, dark blue straps"
0999,"male, camouflage t-shirt, dark pants with white stripe, flip-flops, no visible accessories, short dark hair, visible facial stubble, carrying yellow bag in one hand, walking in outdoor setting"
1000,"female, sleeveless dress, white with pink gradient, barefoot, hair tied with red bow"
1001,"female, red short-sleeved t-shirt with graphic print, blue denim shorts, sandals, glasses, dark hair tied back, carrying white plastic bag"
1002,"male, red t-shirt, patterned shorts, dark-colored sneakers, black shoulder bag, no visible glasses, no visible hat"
1003,"male, t-shirt, light gray, shorts, light gray, sandals, glasses, backpack"
1004,"female, short-sleeved blouse, green and blue patterned, black shorts, light pink flats, no visible glasses, no visible hat, carrying a black handbag, carrying a light blue tote bag"
1005,"female, white t-shirt, dark pants, pink sneakers, brown shoulder bag, dark hair in ponytail, no visible glasses or hat"
1006,"female, patterned blouse, light gray pants, flat shoes, backpack, lanyard with badge, no glasses, no hat"
1007,"male, black t-shirt, dark grey trousers, black boots, cap, no visible backpack, no visible glasses"
1008,"male, red t-shirt, dark pants, black shoes, no visible accessories, no hat, no glasses"
1009,"female, patterned jacket, beige pants, flat shoes, shoulder bag, no glasses, no hat"
1010,"female, pink long-sleeved top, black shorts, bright yellow sneakers, blue shoulder bag, white lanyard with badge, dark hair tied back, no visible glasses or hat"
1011,"female, black short-sleeved top, black capri pants, brown sandals, black shoulder bag, dark hair, no visible glasses, no visible hat, no visible backpack"
1012,"female, short-sleeved shirt, purple, pants, brown, sandals, black shoulder bag, no glasses, no hat"
1013,"female, light-colored short-sleeved dress, white, sandals, shoulder bag, glasses"
1014,"female, white short-sleeved shirt, blue shorts, barefoot, long dark hair, no visible accessories, no backpack, no glasses, no hat"
1015,"female, short-sleeved blouse, white collar, dark patterned top, black capri pants, light-colored flat shoes, red shoulder bag, no visible glasses, no visible hat"
1016,"female, green t-shirt, black shorts, yellow shoes, orange handbag, black backpack, no visible glasses, no visible hat"
1017,"female, green short-sleeved shirt, brown shorts, brown flat shoes, black and white backpack"
1018,"male, t-shirt, blue, shorts, green, flip-flops, backpack, dark-colored, no glasses, no hat"
1019,"female, pink hoodie, black tank top, patterned skirt, red shoes, blue tote bag, no visible glasses, no visible hat, no visible backpack"
1020,"male, checkered short-sleeve shirt, dark shorts, sandals, no visible accessories, no glasses, no hat"
1021,"female, sleeveless top, white, pleated skirt, olive green, barefoot, shoulder bag, patterned, no glasses, no hat"
1022,"male, white t-shirt, dark blue shorts, dark brown shoes, black shoulder bag"
1023,"female, green short-sleeved top, black capri pants, brown flat sandals, beige shoulder bag"
1024,"female, red, short-sleeved dress, red, high-heeled sandals, black handbag"
1025,"male, white long-sleeved shirt, blue shorts, black shoes, black shoulder bag, no visible glasses, no visible hat"
1026,"female, long-sleeved top, light blue, shorts, black, sandals, shoulder bag, dark hair, no glasses, no hat, no backpack"
1027,"male, checkered shirt, blue jeans, sneakers, backpack"
1028,"female, striped short-sleeve top, light blue and white stripes, green shorts, white sneakers, black shoulder bag, no glasses, no hat"
1029,"female, dress, dark blue with white floral pattern, flat sandals, shoulder bag, no glasses, no hat"
1030,"female, black short-sleeved top, patterned long skirt, black flat shoes, pink shoulder bag, no visible glasses, no visible hat"
1031,"male, short-sleeved polo shirt, blue, dark gray trousers, white sneakers, glasses"
1032,"female, black short-sleeved top, black pants, black sneakers, teal shoulder bag, dark hair, no visible glasses, no visible hat, no visible backpack"
1033,"female, green short-sleeved top, black skirt, black tights, dark-colored flat shoes, black handbag"
1034,"female, light green jacket, patterned skirt, black heels, black handbag"
1035,"female, dress, multicolored pattern with shades of purple, pink, and green, heels, no visible accessories, no glasses, no hat"
1036,"female, black short-sleeved top, black wide-leg pants, black heels, shoulder bag, no visible glasses, no visible hat"
1037,"male, dark blue short-sleeved shirt, dark pants, white sneakers, no visible accessories, no hat, no glasses, no backpack"
1038,"male, short-sleeved shirt, light-colored, dark trousers, dark shoes, dark cap, shoulder bag"
1039,"female, white short-sleeved shirt, dark brown wide-leg pants, dark brown flat shoes, long dark hair, no visible accessories, no backpack, no glasses, no hat"
1040,"male, light blue short-sleeved shirt, dark pants, dark shoes, no visible accessories, no backpack, no glasses, no hat"
1041,"male, black short-sleeved shirt, black trousers, dark-colored shoes, carrying a black briefcase, no visible backpack, no visible glasses, no visible hat"
1042,"male, short-sleeved shirt, light blue, shorts, dark blue, shoes, lanyard, ID card"
1043,"male, short-sleeved shirt, light blue, dark trousers, dark shoes, no visible accessories, no hat, no glasses, no backpack"
1044,"female, sleeveless vest, denim shorts, barefoot, backpack, no glasses, no hat"
1045,"male, white short-sleeved shirt, dark gray trousers, dark shoes, carrying a dark briefcase, no visible glasses, no visible hat, no visible backpack"
1046,"male, black t-shirt, black trousers, dark-colored shoes, carrying a black briefcase or bag, no visible accessories or headwear, short dark hair"
1047,"male, short-sleeved shirt, light blue, khaki pants, dark shoes, carrying black briefcase, no visible glasses, no visible hat, no visible backpack"
1048,"female, short-sleeved shirt, black and white pattern, black pants, black shoes, black handbag, black hat"
1049,"male, blue t-shirt, black pants, red shoes, no visible accessories, no hat, no glasses, no backpack"
1050,"male, blue t-shirt, dark green shorts, dark sneakers, backpack, glasses"
1051,"female, plaid dress, dark blue and white, flat shoes, blue shoulder bag"
1052,"male, white t-shirt, dark gray and white checkered shorts, brown sandals, no visible accessories, no hat, no glasses, no backpack"
1053,"female, white short-sleeved shirt, beige capri pants, dark sandals, brown shoulder bag"
1054,"male, light green short-sleeved button-up shirt, dark gray shorts, brown shoes, no visible accessories, no hat, no glasses, no backpack"
1055,"female, black short-sleeved top, light beige loose-fitting pants, dark-colored flat shoes, no visible accessories, no glasses, no hat, no backpack"
1056,"male, blue short-sleeved shirt, dark shorts, white slip-on shoes, blue shoulder bag, glasses"
1057,"male, t-shirt, dark blue, shorts, light gray, sneakers, white, cap, no glasses, no backpack"
1058,"female, long-sleeved top, blue, capri pants, blue, flat shoes, shoulder bag, no glasses, no hat"
1059,"male, red short-sleeved t-shirt, gray shorts, white sneakers, black backpack, no visible glasses, no visible hat"
1060,"female, white short-sleeved top, maroon shorts, white sneakers, long dark hair, no visible backpack, no visible glasses, no visible hat"
1061,"female, white t-shirt, dark shorts, flip-flops, long dark hair, no visible accessories"
1062,"female, short-sleeved top, light gray, patterned skirt, white, flat sandals, shoulder bag, light beige"
1063,"female, white short-sleeved top, dark blue denim capri pants, white sneakers, teal shoulder bag, no visible glasses, no visible hat"
1064,"male, red t-shirt, olive green shorts, white socks, dark-colored sneakers, no visible backpack, no visible glasses, no visible hat"
1065,"female, plaid shirt, light gray pants, white sneakers, glasses, no visible backpack, no visible hat"
1066,"male, short-sleeved t-shirt, light gray, shorts, light gray, flip-flops, no visible accessories, no glasses, no hat"
1067,"female, sleeveless top, black, shorts, black, barefoot, no visible accessories"
1068,"male, t-shirt, red shorts, sneakers, glasses, no backpack, no hat"
1069,"female, short-sleeved top, light gray with white pattern, black shorts, white flat shoes, pink handbag, no visible backpack, no visible glasses, no visible hat"
1070,"male, yellow t-shirt, light gray shorts, dark sandals, gray backpack"
1071,"female, red patterned dress, black shoulder bag, light-colored sandals, no visible glasses, no visible hat"
1072,"female, green sleeveless top, black capri pants, green socks, black athletic shoes, dark hair, no visible backpack, no visible glasses, no visible hat"
1073,"female, light gray sleeveless dress, dark sandals, no visible accessories, long dark hair"
1074,"female, light gray patterned dress, beige hat, black high heels, white shoulder bag, dark hair, no glasses, no backpack"
1075,"male, white t-shirt with green graphic, dark pants, gray sneakers, no visible accessories, short dark hair"
1076,"female, white short-sleeved t-shirt, dark green shorts, white sneakers, no visible accessories, no backpack, no glasses, no hat"
1077,"male, white t-shirt, black shorts, sandals, green shoulder bag"
1078,"female, white t-shirt, white shorts, yellow shoes, no visible accessories"
1079,"female, yellow t-shirt, gray pants, flip-flops, black shoulder bag"
1080,"male, short-sleeved polo shirt, gray, jeans, brown shoes, carrying dark briefcase, no visible accessories, no glasses, no hat"
1081,"female, sleeveless top, white with black floral pattern, capri pants, black, sneakers, backpack, glasses, hat"
1082,"male, short-sleeved polo shirt, light gray, loose-fitting pants, dark gray, sneakers, no visible accessories, no hat, no glasses, no backpack"
1083,"female, pink dress, pink dress, pink dress, pink dress, black flat shoes, black flat shoes, black flat shoes, black flat shoes, no visible backpack, no visible glasses, no visible hat"
1084,"male, t-shirt, purple, shorts, dark, sneakers, backpack, dark, no glasses, no hat"
1085,"female, yellow sleeveless top, white shorts, brown flat shoes, dark sunglasses, patterned shoulder bag"
1086,"male, white short-sleeved shirt, dark pants, dark sneakers, black backpack, no visible glasses, no visible hat"
1087,"female, white t-shirt, olive green shorts, brown shoes, no visible backpack, no visible glasses, no visible hat"
1088,"female, pink sleeveless top, pink shorts, sandals, pink hair accessory"
1089,"female, white short-sleeved top, green pleated skirt, brown flat shoes, dark hair in ponytail, no visible glasses, no visible backpack, no visible hat"
1090,"male, short-sleeved shirt, floral pattern, black shorts, athletic sneakers, no visible backpack, no visible glasses, no visible hat"
1091,"male, red short-sleeved t-shirt, beige knee-length shorts, gray slip-on shoes, no visible accessories, no glasses, no hat, no backpack"
1092,"female, sleeveless top, maroon, skirt, white lace trim, black leggings, pink slippers, glasses, short dark hair, no backpack, no hat"
1093,"female, red short-sleeved t-shirt, beige cargo pants, sandals, glasses, black shoulder bag"
1094,"male, white t-shirt, dark shorts, flip-flops, no visible backpack, no visible glasses, no visible hat"
1095,"female, white t-shirt, dark blue shorts, barefoot, no visible accessories, no glasses, no hat, no backpack"
1096,"female, red short-sleeved top, patterned black and white skirt, blue denim shorts, flip-flops, white face mask, black shoulder bag, dark hair in ponytail, no visible glasses or hat"
1097,"female, purple short-sleeved top, black shorts, green sneakers, black shoulder bag, long dark hair, no visible glasses or hat"
1098,"male, red polo shirt with white collar and white trim on sleeves, dark gray or black trousers, light gray or white sneakers, no visible backpack, no visible glasses, no visible hat"
1099,"female, light gray open jacket, orange tank top, dark gray capri pants, white sneakers, no visible accessories, no visible glasses, no visible hat"
1100,"female, green short-sleeved top, dark blue jeans, white sneakers, blue backpack, hair tied back, no visible glasses or hat"
1101,"male, light blue short-sleeved shirt, dark blue jeans, dark brown shoes, lanyard with white ID card, no backpack, no glasses, no hat"
1102,"female, short-sleeved top, black, black pants, white sneakers with black accents, shoulder bag, no visible glasses, no visible hat, no visible backpack"
1103,"female, white short-sleeved shirt, blue jeans, brown shoes, blue shoulder bag, no visible glasses or hat"
1104,"male, blue short-sleeved shirt, dark gray pants, dark shoes, glasses, lanyard with badge, carrying a black shoulder bag"
1105,"female, black short-sleeved top, black shorts, white sandals, no visible accessories, no glasses, no hat, no backpack"
1106,"female, short-sleeved top, black, skirt, black, sandals, hat, umbrella"
1107,"female, light pink long-sleeved top, blue jeans, flat shoes, shoulder bag"
1108,"male, t-shirt, teal, cargo pants, green, sandals, backpack, dark blue with white pattern, no glasses, no hat"
1109,"male, purple t-shirt, black shorts, dark-colored sneakers, black shoulder bag"
1110,"male, white t-shirt, khaki shorts, dark sneakers, no visible accessories, no hat, no glasses, no backpack"
1111,"male, green t-shirt, brown shorts, flip-flops, no visible accessories, no glasses, no hat"
1112,"female, black t-shirt, blue jeans, sandals, brown shoulder bag, no visible backpack, no visible glasses, no visible hat"
1113,"female, green short-sleeved top, brownish-yellow pants, black sneakers, yellow backpack, glasses, dark hair tied back"
1114,"male, white t-shirt, dark blue denim shorts, brown sandals, no visible accessories, no glasses, no hat"
1115,"female, white t-shirt, dark denim shorts, brown ankle boots, gray shoulder bag, no visible glasses, no visible hat, no visible backpack"
1116,"male, t-shirt, light gray, shorts, beige, sneakers, white socks, glasses, brown hair"
1117,"female, gray long-sleeved top, dark pants, white flats, red and beige backpack, glasses"
1118,"female, white t-shirt, dark grey capri pants, light brown flip flops, light green backpack, dark hair, no glasses, no hat"
1119,"female, checkered dress, dark blue top, light brown sandals, dark blue shoulder bag, long dark hair, no visible glasses, no visible hat"
1120,"male, white t-shirt, dark gray shorts, flip-flops, no visible accessories, no glasses, no hat"
1121,"female, green t-shirt, black pants, white sneakers, shoulder bag, long dark hair in ponytail"
1122,"female, green t-shirt, dark blue jeans, dark-colored sneakers, zebra-patterned backpack"
1123,"female, short-sleeved top, light-colored top, patterned skirt, sandals, hair tied back in ponytail, no visible backpack, no visible glasses, no visible hat"
1124,"female, sleeveless dress, gray, sandals, no visible accessories"
1125,"female, short-sleeved shirt, beige skirt, beige flats, black backpack, no visible glasses, long dark hair"
1126,"male, green short-sleeved t-shirt, dark gray pants, white sneakers, black backpack with gray accents, black baseball cap, no visible glasses"
1127,"male, checkered shirt, dark grey pants, blue sneakers, backpack, glasses"
1128,"female, sleeveless dress, brown, white collar, red shoes, black hair tied back, no visible backpack, no visible glasses, no visible hat"
1129,"female, white long-sleeved top, black wide-leg pants, barefoot, black shoulder bag with red and white pattern, dark hair tied back, no visible glasses or hat"
1130,"female, black short-sleeved top, grey shorts, yellow footwear, carrying an orange shoulder bag, holding a light-colored umbrella, wearing glasses"
1131,"male, black t-shirt, pink graphic on t-shirt, beige shorts, dark-colored sneakers, black backpack, no visible glasses, no visible hat"
1132,"male, black tank top, blue graphic on chest, olive green shorts, flip flops, dark cap, no visible backpack, no visible glasses"
1133,"male, dark green short-sleeved t-shirt, dark gray or black trousers, dark-colored shoes, carrying a white plastic bag in right hand, balding or short hair, no visible accessories, no backpack, no glasses, no hat"
1134,"male, short-sleeved polo shirt, light gray, dark gray trousers, dark shoes, no visible accessories, no glasses, no hat"
1135,"male, short-sleeved shirt, light blue, khaki pants, dark-colored sneakers, backpack, no glasses, no hat"
1136,"male, red short-sleeved shirt, dark gray shorts, dark gray sneakers, black backpack"
1137,"female, top, orange, skirt, orange, barefoot, hat"
1138,"male, t-shirt, light gray, shorts, gray, flip-flops, backpack, dark gray"
1139,"female, yellow short-sleeved t-shirt, light blue denim shorts, white sandals, red backpack, glasses"
1140,"male, white t-shirt with yellow graphic, grey shorts, dark athletic shoes, grey backpack with black straps"
1141,"male, white t-shirt, dark shorts, flip-flops, no visible accessories, no hat, no glasses, no backpack"
1142,"female, light green dress, white short-sleeved shirt, pink high heels, green handbag, pink shoulder bag, dark hair in ponytail, no visible glasses or hat"
1143,"male, t-shirt, light gray, shorts, light gray, sandals, backpack, black"
1144,"male, white short-sleeved t-shirt, dark green patterned shorts, brown slip-on shoes, no visible accessories, no glasses, no hat, no backpack"
1145,"female, white short-sleeved t-shirt, camouflage cargo pants, dark-colored flat shoes, black-and-white striped shoulder bag, no visible glasses, no visible hat"
1146,"female, black t-shirt with white text, black shorts, flip-flops, glasses, dark hair tied back, carrying a dark bag over left shoulder"
1147,"female, white t-shirt with red graphic, denim shorts, dark brown flat shoes, no visible backpack, no visible glasses, no visible hat"
1148,"male, white short-sleeved shirt, light gray shorts, light blue sneakers, red backpack"
1149,"male, t-shirt, teal, shorts, dark gray, flip-flops, backpack, dark brown"
1150,"male, white t-shirt with black graphic print, dark grey or black loose-fitting pants, dark brown or black flip-flops, no visible accessories, no glasses, no hat, no backpack"
1151,"male, short-sleeved shirt, dark blue, shorts, dark blue, flip-flops, no visible accessories, no visible glasses, no visible hat, no visible backpack"
1152,"male, red short-sleeved shirt, black shorts, white sneakers, black backpack, no visible glasses, no visible hat"
1153,"female, yellow short-sleeved t-shirt, light blue jeans, barefoot, no visible accessories, no glasses, no hat, no backpack"
1154,"female, short-sleeved t-shirt, black shorts, light-colored flat shoes, dark hair, no visible accessories, no glasses, no backpack, no hat"
1155,"female, yellow t-shirt, dark blue jeans, light-colored slip-on shoes, no visible accessories, no glasses, no hat, no backpack"
1156,"male, black t-shirt with white graphic, patterned shorts with white and gray design, brown sandals, glasses, no backpack, no hat"
1157,"female, short-sleeved top, light-colored patterned, shorts, dark-colored, flip-flops, shoulder bag, no glasses, no hat"
1158,"female, sleeveless dress, gray, white undershirt, flat sandals, shoulder bag, dark hair, no glasses, no hat, no backpack"
1159,"female, white short-sleeved top, red mini skirt, beige flat shoes, black backpack, no glasses, no hat"
1160,"male, striped short-sleeve shirt, light gray pants, brown shoes, black backpack"
1161,"female, black t-shirt with white text, light blue shorts, flip flops, no visible accessories, dark hair, walking, back view, front view"
1162,"female, t-shirt, gray, shorts, black, sneakers, no visible accessories"
1163,"male, short-sleeved t-shirt, gray, cargo shorts, gray, sneakers, shoulder bag, black"
1164,"female, white button-up shirt, dark blue jeans, white sneakers, no visible backpack, no visible glasses, no visible hat"
1165,"male, checkered short-sleeved shirt, dark green pants, brown shoes, no visible backpack, no visible glasses, no visible hat"
1166,"male, t-shirt, dark shorts, sandals, backpack"
1167,"female, short-sleeved shirt, light-colored skirt, white sandals, backpack, dark hair in ponytail"
1168,"male, white t-shirt, light-colored shorts, pink flip-flops, dark cap, no visible backpack, no visible glasses"
1169,"male, short-sleeved shirt, green and grey, white pants, dark-colored shoes, backpack, no glasses, no hat"
1170,"female, black hoodie, white t-shirt, floral patterned pants, barefoot, no visible accessories, no backpack, no glasses, no hat"
1171,"female, white t-shirt, multicolored floral skirt, pink shoes, red shoulder bag"
1172,"female, dress, olive green, sandals, hair tied back in ponytail, no visible backpack, no visible glasses, no visible hat"
1173,"female, white short-sleeved top, light gray shorts, brown sandals, white backpack with brown straps, dark hair, no glasses, no hat"
1174,"male, t-shirt, purple and white, gray pants, white sneakers, backpack, dark-colored, no glasses, no hat"
1175,"female, black long-sleeved top, green skirt, black pants, dark-colored shoes, white shoulder bag, dark sunglasses, no backpack, no hat"
1176,"female, white t-shirt, blue jeans, flip flops, green backpack, no glasses, no hat"
1177,"male, red t-shirt, blue shorts, black sneakers, black backpack, no glasses, no hat"
1178,"male, gray short-sleeved shirt, blue jeans, white sneakers, black shoulder bag, no visible glasses, no visible hat"
1179,"female, white t-shirt, light gray sweatpants, white sneakers, red and white striped backpack, holding a light green umbrella, dark hair, no visible glasses or hat"
1180,"male, short-sleeved shirt, light gray, shorts, light gray, flip-flops, crossbody bag, dark gray, glasses, no hat"
1181,"female, light gray hoodie, dark blue jeans, brown slip-on shoes, green visor hat, black shoulder bag"
1182,"male, short-sleeved polo shirt, light gray, cargo shorts, beige, white slip-on shoes, glasses, no visible backpack or hat"
1183,"male, black t-shirt, dark blue denim shorts, green slip-on shoes, black wristband on left wrist, no backpack, no glasses, no hat"
1184,"female, short-sleeved blouse, white, shorts, black, flat shoes, glasses, long hair, no backpack, no hat"
1185,"male, t-shirt, black, shorts, black, sneakers, no visible accessories, no visible backpack, no visible glasses, no visible hat"
1186,"male, plaid short-sleeved shirt, light gray shorts, white sneakers, no visible accessories, no hat, no glasses, no backpack"
1187,"male, yellow t-shirt, blue shorts, flip-flops, glasses, no visible backpack or hat"
1188,"male, green t-shirt, grey shorts, sneakers, blue backpack with yellow tennis ball attached, no glasses, no hat"
1189,"female, orange dress, white trim, white belt, barefoot, sunglasses, dark hair, no backpack, no hat"
1190,"female, green t-shirt, dark pants, barefoot, black shoulder bag"
1191,"female, light-colored jacket, green top, dark shorts, flip-flops, black beanie, backpack"
1192,"female, short-sleeved shirt, light pink, denim shorts, pink sneakers, backpack, dark brown, no glasses, no hat"
1193,"female, black t-shirt, light blue denim shorts, silver platform sandals, dark gray backpack, short dark hair, no visible glasses, no visible hat"
1194,"male, t-shirt, teal, shorts, black, sneakers, brown, no glasses, no hat, no backpack"
1195,"female, short-sleeved t-shirt, maroon, short skirt, black, flip-flops, black handbag"
1196,"female, white t-shirt, dark blue jeans, white sneakers, white backpack"
1197,"female, white short-sleeved t-shirt with green graphic, teal capri pants, light-colored flat sandals, no visible backpack, no visible glasses, no visible hat"
1198,"female, black t-shirt with white lettering, black shorts, brown sandals, black shoulder bag, glasses"
1199,"female, white dress, white sandals, black shoulder bag, no glasses, no hat"
1200,"female, black tank top, light gray cardigan, denim shorts, barefoot, no visible accessories"
1201,"male, orange t-shirt, gray shorts, black socks, black shoes, black backpack, no visible glasses, no visible hat"
1202,"male, white t-shirt, light gray shorts, dark sneakers, crossbody bag, no visible glasses, no visible hat"
1203,"female, short-sleeved t-shirt, pink, capri pants, blue, sneakers, ponytail, no backpack, no glasses, no hat"
1204,"female, white short-sleeved shirt, black pleated skirt, dark-colored sandals, backpack, no visible glasses, no visible hat"
1205,"female, pink short-sleeved dress, pink skirt, pink handbag, sandals, no glasses, no hat, no backpack"
1206,"male, gray t-shirt, dark gray pants, brown shoes, red backpack, no visible glasses, no visible hat"
1207,"male, white t-shirt, dark grey pants, white sneakers, black backpack"
1208,"male, green t-shirt, blue jeans, dark-colored sneakers, black backpack with white stripes, dark-colored baseball cap, no visible glasses"
1209,"male, t-shirt, maroon, jeans, dark brown shoes, glasses, brown leather briefcase"
1210,"male, dark blue t-shirt, blue jeans, dark-colored sneakers, black backpack"
1211,"male, short-sleeved polo shirt, light gray, cargo shorts, light gray, barefoot, no visible accessories, no glasses, no hat"
1212,"male, short-sleeved polo shirt, light gray, shorts, light gray, sneakers, no visible backpack, no visible glasses, no visible hat"
1213,"male, short-sleeved t-shirt, teal, loose-fitting pants, gray, sneakers, backpack, plaid pattern, dark-colored, glasses, no hat"
1214,"male, yellow t-shirt, dark green shorts, dark sneakers, backpack, no glasses, no hat"
1215,"male, t-shirt, black shorts, white sneakers, no visible accessories, no hat, no glasses, no backpack"
1216,"female, yellow short-sleeved t-shirt, black shorts, flip-flops, red backpack"
1217,"male, t-shirt, light gray, jeans, dark gray, sneakers, no visible accessories, no glasses, no hat, no backpack"
1218,"female, white long-sleeved top, dark patterned skirt, dark backpack, no visible footwear, long dark hair, no visible glasses or hat"
1219,"female, short-sleeved t-shirt, yellow, shorts, white sneakers, no visible accessories, no glasses, no hat, no backpack"
1220,"female, striped short-sleeve top, black skirt, sandals, sunglasses, red tote bag"
1221,"male, striped t-shirt, purple and white stripes, dark gray pants, no visible footwear, no visible accessories, no hat, no glasses, no backpack"
1222,"male, striped short-sleeved shirt, dark-colored pants, dark-colored shoes, black shoulder bag, no visible glasses, no visible hat"
1223,"female, floral dress, white top, beige sandals, umbrella, dark hair, no backpack, no glasses, no hat"
1224,"male, short-sleeved checkered shirt, dark gray trousers, dark gray shoes, shoulder bag, no visible glasses, no visible hat"
1225,"male, striped polo shirt, purple and white stripes, dark trousers, sandals, no visible accessories, no glasses, no hat, no backpack"
1226,"male, white short-sleeved shirt, red shorts, brown sandals, no visible backpack, no visible glasses, no visible hat"
1227,"male, t-shirt, white, shorts, dark, sandals, no backpack, no glasses, no hat"
1228,"male, white t-shirt, light beige trousers, brown shoes, black backpack"
1229,"female, pink button-up shirt, dark blue jeans, white slip-on shoes, dark blue backpack, no visible glasses, no visible hat"
1230,"female, striped short-sleeve shirt, light blue shorts, white sneakers, no visible accessories, no visible backpack, no visible glasses, no visible hat"
1231,"male, white t-shirt, grey shorts, dark-colored sneakers, black backpack"
1232,"male, short-sleeved polo shirt, light pink, dark gray or black shorts, athletic sneakers, no visible backpack, no visible glasses, no visible hat"
1233,"male, short-sleeved shirt, light gray, dark pants, white sneakers, no visible accessories, no hat, no glasses, no backpack"
1234,"male, t-shirt, shorts, white, flip-flops, no visible accessories"
1235,"female, green t-shirt, dark jeans, flip-flops, no visible accessories, short dark hair"
1236,"male, yellow short-sleeved polo shirt, patterned shorts, dark flip-flops, black bag, no visible glasses, no visible hat"
1237,"female, light green dress, white dress, brown sandals, no visible backpack, no visible glasses, no visible hat"
1238,"male, plaid shirt, gray pants, dark shoes, red backpack, glasses"
1239,"female, yellow t-shirt, blue denim shorts, light-colored flat shoes, red backpack, dark hair, no visible glasses or hat"
1240,"female, white short-sleeved shirt, beige capri pants, brown sandals, brown shoulder bag"
1241,"male, dark grey t-shirt, dark grey shorts, red and white sneakers, black backpack, dark grey cap"
1242,"female, white t-shirt, dark blue jeans, flat shoes, black shoulder bag"
1243,"male, black t-shirt, black shorts, blue sneakers, no visible accessories, no glasses, no hat, no backpack"
1244,"male, short-sleeved shirt, teal, shorts, white socks, sneakers, backpack, no glasses, no hat"
1245,"female, green hoodie, black pants, dark-colored sneakers, hair tied back in a bun, no visible accessories, no glasses, no backpack, no hat"
1246,"female, gray tank top, dark brown pants, brown shoes, light blue face mask, holding light blue umbrella, no visible backpack, no visible glasses, no visible hat"
1247,"female, short-sleeved dress, light gray with white floral pattern, flat sandals, wide-brimmed straw hat, shoulder bag"
1248,"female, pink short-sleeved t-shirt, blue denim shorts, brown flat shoes, no visible backpack, no visible glasses, no visible hat"
1249,"male, t-shirt, black, shorts, gray, sneakers, backpack, red, hat, black"
1250,"female, red short-sleeved t-shirt, blue denim capri pants, light-colored flat shoes, wide-brimmed straw hat, dark red backpack"
1251,"female, t-shirt, red, shorts, white, flip-flops, glasses"
1252,"female, black t-shirt, black shorts, red sneakers, backpack, no glasses, no hat"
1253,"female, red short-sleeved t-shirt, light blue denim shorts, pink flip-flops, no visible backpack, no visible glasses, no visible hat"
1254,"female, white short-sleeved t-shirt with blue graphic print, beige shorts, dark brown sandals, no visible backpack, no visible glasses, no visible hat"
1255,"male, short-sleeved shirt, yellow and white gradient, shorts, gray, sandals, no visible accessories, no glasses, no hat, no backpack"
1256,"female, sleeveless top, light pink, capri pants, light beige, flat sandals, wide-brimmed white hat, backpack, green tote bag"
1257,"male, t-shirt, gray, shorts, dark gray, sneakers, backpack, no glasses, no hat"
1258,"male, white t-shirt, light gray shorts, flip flops, glasses, no backpack, no hat"
1259,"female, black short-sleeved blazer, black trousers, black flat shoes, long dark hair, no visible backpack, no visible glasses, no visible hat"
1260,"female, short-sleeved top, pink, skirt, red, sandals, no visible backpack, no visible glasses, no visible hat"
1261,"male, black short-sleeved t-shirt, blue denim shorts, light green slip-on shoes, black baseball cap, no visible backpack, no visible glasses"
1262,"male, short-sleeved jersey, red and blue stripes, yellow collar, dark pants, sneakers, no visible backpack, no visible glasses, no visible hat"
1263,"female, black short-sleeved top, pink capri pants, white sneakers, no visible backpack, no visible glasses, no visible hat"
1264,"female, light pink short-sleeved top, light pink shorts, light pink skirt, light brown flip flops, white umbrella, dark green shoulder bag, dark green backpack, no glasses, no hat"
1265,"male, red short-sleeved t-shirt, white loose-fitting pants, white sneakers, yellow baseball cap, no visible backpack, no visible glasses"
1266,"female, white short-sleeved shirt, black pants, light brown flat shoes, red crossbody bag, no visible glasses or hat"
1267,"male, white t-shirt with red text, black shorts with white stripe, white slip-on shoes, glasses, no backpack, no hat"
1268,"male, black t-shirt, beige shorts, red sneakers, no visible backpack, no visible glasses, no visible hat"
1269,"male, short-sleeved shirt, light gray, blue jeans, dark shoes, glasses, no backpack, no hat"
1270,"male, red t-shirt, black shorts with blue stripe, flip-flops, yellow object held to ear, no visible backpack, no visible glasses, no visible hat"
1271,"female, dark gray t-shirt, white shorts, flip-flops, gray backpack, no glasses, no hat"
1272,"female, white tank top, dark gray shorts, brown sandals, black backpack"
1273,"female, white short-sleeved t-shirt with graphic design, black capri pants, yellow flat shoes, dark hair tied back, no visible backpack, no visible glasses, no visible hat"
1274,"male, short-sleeved t-shirt, light green, black shorts, flip-flops, no visible accessories, no backpack, no glasses, no hat"
1275,"male, white t-shirt, dark pants, no visible footwear, no visible accessories"
1276,"female, teal short-sleeved t-shirt, dark blue shorts, light brown flat sandals, black backpack"
1277,"male, short-sleeved shirt, purple, trousers, black, shoes, no visible accessories, no glasses, no hat, no backpack"
1278,"male, short-sleeved shirt, teal, jeans, sandals, shoulder bag"
1279,"male, white t-shirt, red shorts, white socks, neon yellow-green sneakers, black backpack, dark cap, no visible glasses"
1280,"female, white short-sleeved top, yellow floral skirt, pink shoulder bag, barefoot, no visible glasses or hat"
1281,"female, dark blue short-sleeved t-shirt with white trim at hem, black capri pants, dark brown flat sandals, no visible backpack, no visible glasses, no visible hat"
1282,"female, short-sleeved top, black with pink panel, striped skirt, dark-colored sneakers, shoulder bag, no visible glasses or hat"
1283,"female, black short-sleeved top with floral design, dark blue denim shorts, light-colored flat shoes, brown shoulder bag, no visible glasses or hat"
1284,"male, sleeveless jersey, black and white, shorts, black and white, sandals, glasses"
1285,"male, lime green t-shirt, light blue shorts, yellow sneakers, black cap, no visible backpack, no visible glasses"
1286,"male, short-sleeved t-shirt, teal, shorts, khaki, flip-flops, backpack, black, lanyard, white"
1287,"female, t-shirt, gray, shorts, black, sneakers, white, backpack, brown, no glasses, no hat"
1288,"male, yellow t-shirt, light gray pants, green and white sneakers, red and blue backpack, no glasses, no hat"
1289,"female, short-sleeved shirt, green with white floral pattern, capri pants, pink, flip-flops, headband, no backpack, no glasses, no hat"
1290,"male, purple t-shirt, patterned t-shirt, denim shorts, dark brown shoes, no visible accessories, no glasses, no hat, no backpack"
1291,"male, white t-shirt, light gray shorts, flip flops, black crossbody bag"
1292,"male, teal t-shirt, black shorts, flip-flops, cap, no visible backpack, no visible glasses"
1293,"female, tank top, gray, capri pants, black, sneakers, backpack, purple"
1294,"female, sleeveless top, black skirt, beige flats, purple and white handbag, no glasses, no hat"
1295,"male, t-shirt, gray, shorts, black, sneakers, light blue, glasses, wristwatch"
1296,"male, purple t-shirt, dark jeans, white sneakers, black backpack"
1297,"male, camouflage uniform, dark green and brown pattern, sneakers, no visible accessories, no hat, no glasses, no backpack"
1298,"male, white t-shirt, black shorts, teal sneakers, black cap, no visible glasses, no visible backpack"
1299,"female, white t-shirt, gray shorts, light green sneakers, wide-brimmed yellow sun hat, blue plastic bag, no visible backpack, no visible glasses"
1300,"male, black t-shirt with red sleeves, dark shorts, gray sneakers, black cap, green and white backpack, no visible glasses"
1301,"male, red t-shirt, dark gray shorts, brown boots, yellow backpack, no glasses, no hat"
1302,"male, gray t-shirt, gray shorts, red sneakers, blue backpack with white stripes, white visor cap, dark sunglasses"
1303,"male, t-shirt, maroon, shorts, gray, sneakers, red, backpack, black, no glasses, no hat"
1304,"male, t-shirt, purple, shorts, beige, flip-flops, backpack, brown"
1305,"female, short-sleeved t-shirt, light gray, shorts, bright green, flat sandals, no visible accessories, no glasses, no hat, no backpack"
1306,"male, plaid shirt, dark jeans, white sneakers, black backpack, no visible glasses, no visible hat"
1307,"male, red short-sleeved t-shirt, black pants, blue sneakers, black backpack, glasses"
1308,"male, red short-sleeved shirt, black pants, orange sneakers, black backpack, no visible glasses, no visible hat"
1309,"female, t-shirt, gray, jeans, white, cap, barefoot"
1310,"male, yellow t-shirt, camouflage pants, blue sneakers, black backpack"
1311,"male, white t-shirt, beige shorts, flip-flops, no visible backpack, no visible glasses, no visible hat"
1312,"male, red short-sleeved t-shirt, dark gray shorts, black flip-flops, black backpack, no visible glasses, no visible hat"
1313,"male, short-sleeved polo shirt, pink, dark trousers, brown shoes, balding head, no visible glasses, no visible backpack, no visible hat"
1314,"male, white t-shirt, white shorts, black socks, black shoes, no visible accessories, no hat, no glasses, no backpack"
1315,"male, t-shirt, black shorts, sneakers, no visible accessories, no visible glasses, no visible hat, no visible backpack"
1316,"male, polo shirt, green, cargo pants, gray, sneakers, no visible accessories, no glasses, no hat, no backpack"
1317,"female, sleeveless dress, dark purple with white floral pattern, open-toe high heels, sunglasses, brown hair tied back"
1318,"male, blue t-shirt, gray shorts, brown sandals, backpack, no glasses, no hat"
1319,"female, short-sleeved shirt, light gray with white pattern, shorts, teal, barefoot, glasses, shoulder bag, black"
1320,"male, t-shirt, light gray, loose pants, light gray, white sneakers, no visible accessories"
1321,"male, black t-shirt with white lettering, black pants, dark-colored shoes, black backpack, no visible glasses, no visible hat"
1322,"male, striped polo shirt, dark blue shorts, white sneakers, dark blue cap, no visible backpack, no visible glasses"
1323,"female, dark brown tank top, dark blue denim shorts, light beige flat sandals, shoulder bag, dark brown hair, no visible glasses, no visible hat, no visible backpack"
1324,"female, long-sleeved button-up shirt, blue, cargo pants, beige, sneakers, no visible accessories, dark hair, no glasses, no backpack, no hat"
1325,"male, maroon t-shirt, plaid shorts, flip-flops, dark blue backpack"
1326,"male, green t-shirt, black shorts, flip-flops, black backpack, dark cap, no visible glasses"
1327,"female, white t-shirt, blue jeans, white sandals, sunglasses, white tote bag"
1328,"female, short-sleeved t-shirt, light gray, pink graphic on chest, white shorts, white flat sandals, pink handbag, no visible backpack, no visible glasses, no visible hat"
1329,"female, sleeveless dress, pinkish-red, barefoot, no visible accessories"
1330,"male, sleeveless top, black, shorts, gray, sneakers, green, backpack, no glasses, no hat"
1331,"female, t-shirt, shorts, pink, dark blue, sandals, no visible accessories"
1332,"female, short-sleeved white shirt, dark purple patterned sleeveless vest, black capri pants, red flip-flops, no visible accessories, no glasses, no hat, no backpack"
1333,"female, black floral dress, barefoot, no visible accessories, long dark hair"
1334,"female, white short-sleeved t-shirt, pink and white patterned shorts, light brown flip-flops, dark brown hair tied in a ponytail, no visible accessories, no backpack, no glasses, no hat"
1335,"female, short-sleeved top, maroon, skirt, beige, flat shoes, umbrella, green bag"
1336,"male, t-shirt, maroon, shorts, black, sneakers, no accessories, no glasses, no hat, no backpack"
1337,"male, white t-shirt, dark blue jeans, black sneakers, no visible accessories, short dark hair, no hat, no glasses, no backpack"
1338,"female, short-sleeved dress, red, white, dark blue, flat sandals, shoulder bag"
1339,"male, white t-shirt, dark gray shorts, white sneakers, glasses, no backpack, no hat"
1340,"male, white t-shirt, black shorts, brown shoes, black shoulder bag"
1341,"female, long-sleeved dress, light brown with floral pattern, pink slip-on shoes, wide-brimmed hat, white gloves"
1342,"female, short-sleeved t-shirt, teal, black pants, white sneakers, backpack, hair tied back, no visible glasses, no visible hat"
1343,"male, t-shirt, blue, shorts, black, sneakers, backpack, dark-colored, no glasses, no hat"
1344,"female, sleeveless top, light gray skirt, black backpack, white slip-on shoes, glasses"
1345,"male, white t-shirt, beige shorts, white sneakers, black backpack, no glasses, no hat"
1346,"male, black t-shirt, light gray jeans, blue sneakers, no visible backpack, no visible glasses, no visible hat"
1347,"male, t-shirt, light gray, shorts, dark gray, sneakers, shoulder bag, dark strap"
1348,"male, polo shirt, beige trousers, dark brown shoes, brown shoulder bag"
1349,"male, red t-shirt, beige shorts, dark sneakers, dark backpack, no glasses, no hat"
1350,"male, t-shirt, purple, shorts, black, flip-flops, backpack, glasses"
1351,"female, tank top, purple, shorts, white, sandals, backpack, red and brown patterned, no glasses, no hat"
1352,"male, t-shirt, khaki shorts, black sneakers, black backpack, no glasses, no hat"
1353,"male, bright green t-shirt, beige shorts, dark-colored sneakers, red and white backpack, no visible glasses, no visible hat"
1354,"female, short-sleeved top, white, skirt, light pink, ballet flats, no visible accessories"
1355,"male, t-shirt, gray, shorts, green sneakers, green backpack, no glasses, no hat"
1356,"male, short-sleeved t-shirt, light green, shorts, light gray with black side stripe, sandals, glasses, no backpack, no hat"
1357,"male, red short-sleeved shirt, light gray shorts, white sneakers, black backpack, dark-rimmed glasses, dark hair"
1358,"male, t-shirt, gray, shorts, light blue, sneakers, backpack, no glasses, no hat"
1359,"male, short-sleeved t-shirt, light gray, shorts, light gray, flip-flops, no visible backpack, no visible glasses, no visible hat"
1360,"male, short-sleeved t-shirt, bright yellow, black pants, dark-colored sneakers, no visible accessories, no hat, no glasses, no backpack"
1361,"male, yellow t-shirt, black shorts, white sneakers, glasses"
1362,"male, red short-sleeved t-shirt, beige shorts, dark flip-flops, no visible accessories, no backpack, no glasses, no hat"
1363,"male, yellow t-shirt, light gray shorts, white sneakers, glasses"
1364,"male, yellow t-shirt, dark blue shorts, red sneakers, glasses, no visible backpack, no visible hat"
1365,"male, purple t-shirt, black shorts, white socks, gray sneakers, blue backpack, glasses"
1366,"female, white tank top, light gray shorts, barefoot, blue backpack, dark hair, no visible glasses or hat"
1367,"male, t-shirt, purple, shorts, blue, sneakers, backpack, dark-colored, no glasses, no hat"
1368,"female, white dress, white sandals, beige handbag, no visible backpack, no visible glasses, no visible hat"
1369,"male, blue t-shirt, dark pants, dark shoes, no visible accessories, no glasses, no hat, no backpack"
1370,"male, white t-shirt with graphic design, gray shorts, flip-flops, no visible accessories, dark hair, side profile visible in some frames, walking motion captured in all frames"
1371,"male, white t-shirt, brown shorts, flip-flops, glasses, no backpack, no hat"
1372,"male, white t-shirt, green shorts, brown sandals, no visible accessories, no glasses, no hat, no backpack"
1373,"female, t-shirt, black, green sleeves, graphic design, dark gray pants, flat shoes, backpack, no glasses, no hat"
1374,"male, t-shirt, light gray, shorts, beige, sneakers, backpack, crossbody bag, glasses"
1375,"male, red t-shirt, dark blue shorts, black sneakers, no visible accessories, no hat, no glasses, no backpack"
1376,"female, yellow short-sleeved shirt, white shorts, brown capri pants, pink running shoes, black hair tied in a ponytail, no visible backpack, no visible glasses, no visible hat"
1377,"male, short-sleeved shirt, light blue and white striped shirt, green and white striped shirt, blue shorts, brown sandals, black backpack, glasses"
1378,"male, white t-shirt, beige trousers, brown sandals, no visible accessories, no glasses, no hat, no backpack"
1379,"female, black t-shirt, denim shorts, sandals, black backpack, dark hair in ponytail"
1380,"male, t-shirt, beige, sandals, backpack, glasses"
1381,"male, checkered short-sleeve shirt, dark shorts, sandals, no visible accessories, no hat, no glasses"
1382,"male, black t-shirt, dark blue shorts, black sneakers, black backpack, no visible glasses, no visible hat"
1383,"female, white t-shirt, grey capri pants, white sneakers, headband, glasses, orange crossbody bag"
1384,"female, yellow t-shirt, light gray shorts, brown flip-flops, shoulder bag, long dark hair, no visible glasses or hat"
1385,"male, dark blue t-shirt, beige cargo pants, dark-colored sneakers, black backpack, glasses"
1386,"female, black t-shirt, green graphic on t-shirt, dark blue shorts, light-colored flat sandals, white umbrella, brown shoulder bag"
1387,"female, long-sleeved top, white, shorts, blue, sandals, glasses, backpack"
1388,"male, black t-shirt, black track pants with yellow stripes, yellow sneakers, black backpack, dark hair, no visible glasses, no visible hat"
1389,"male, short-sleeved polo shirt, dark trousers, dark-colored shoes, no visible backpack, no visible glasses, no visible hat"
1390,"female, long-sleeved shirt, white, jeans, green sneakers, backpack, black, no glasses, no hat"
1391,"male, green short-sleeved t-shirt, dark gray shorts, red sneakers, black shoulder bag, glasses"
1392,"male, white t-shirt, black shorts, brown sandals, no visible backpack, no visible glasses, no visible hat"
1393,"female, blue t-shirt, black leggings, red sneakers, black cap, glasses, purple shoulder bag"
1394,"male, red short-sleeved t-shirt, light blue shorts, black athletic shoes, no visible accessories, no hat, no glasses, no backpack"
1395,"male, gray t-shirt, black shorts, gray sneakers, white socks, no visible accessories, no hat, no glasses, no backpack"
1396,"female, yellow t-shirt, blue jeans, white sneakers, black and white striped backpack, white hat"
1397,"female, yellow t-shirt, black shorts, gray sneakers, black backpack with white and gray accents, red hat, no visible glasses"
1398,"male, white t-shirt with red and blue graphic, dark gray shorts, red sneakers, white socks, no visible accessories, no hat, no glasses, no backpack"
1399,"male, gray t-shirt, dark gray jeans, black and white sneakers, no visible accessories, no hat, no glasses, no backpack"
1400,"male, white t-shirt, dark blue jeans, black shoes, no visible accessories, no hat, no glasses, no backpack"
1401,"male, short-sleeved button-up shirt, light gray, dark gray shorts, green sneakers, no visible accessories, no glasses, no hat, no backpack"
1402,"male, t-shirt, gradient teal and white, shorts, dark, flip-flops, backpack, glasses"
1403,"female, pink tank top, light green jacket, black shorts, white sneakers, dark green backpack, no visible glasses, no visible hat"
1404,"male, short-sleeved shirt, white, trousers, black, shoes, white cap, no glasses, no backpack"
1405,"male, gray t-shirt, blue shorts, white sneakers, dark cap, no visible backpack, no visible glasses"
1406,"male, short-sleeved shirt, maroon, shorts, light blue, sandals, cap, white"
1407,"male, short-sleeved shirt, gray, black pants, black shoes, shoulder bag, no glasses, no hat"
1408,"male, green t-shirt, light gray pants, white sneakers, no visible accessories, no glasses, no hat"
1409,"female, plaid short-sleeved shirt, dark shorts, barefoot, no visible backpack, no visible glasses, no visible hat"
1410,"female, short-sleeved t-shirt, gray, shorts, gray, flip-flops, shoulder bag, dark hair in ponytail"
1411,"female, pink short-sleeved t-shirt, dark blue denim shorts, brown flat sandals, black cap, black shoulder bag, no visible glasses"
1412,"male, dark blue polo shirt, light gray shorts, dark gray sneakers, no visible accessories, no hat, no glasses, no backpack"
1413,"female, white short-sleeved t-shirt with graphic print, light gray capri pants, light brown flat sandals, no visible accessories, no glasses, no hat, no backpack"
1414,"male, black t-shirt, blue denim shorts, light green slip-on shoes, dark hair, glasses, no visible backpack, no visible hat"
1415,"female, light blue short-sleeved shirt, black skirt, sandals, green headband, no visible backpack, no visible glasses, no visible hat"
1416,"male, black t-shirt, white collar, grey cargo pants, dark-colored shoes, black backpack, no visible glasses, no visible hat"
1417,"female, dress, black, red floral pattern, sandals, no visible backpack, no visible glasses, no visible hat"
1418,"female, purple hoodie, black shorts, white and gray sneakers, no visible backpack, no visible glasses, no visible hat"
1419,"male, black t-shirt, light gray shorts, black flip-flops, dark-colored backpack, dark hair, glasses"
1420,"female, black t-shirt with purple graphic, beige capri pants, white sneakers, black backpack with white trim, dark hair in ponytail, no visible glasses or hat"
1421,"male, short-sleeved t-shirt, brown, capri pants, dark blue, slip-on shoes, no visible accessories, no glasses, no hat, no backpack"
1422,"male, white t-shirt with circular graphic, gray shorts, green and white sneakers, no visible accessories, no hat, no glasses, no backpack"
1423,"male, red short-sleeved t-shirt, dark gray or black pants, white sneakers, no visible backpack, no visible glasses, no visible hat"
1424,"male, purple short-sleeved shirt, patterned shorts, flip-flops, black shoulder bag"
1425,"female, short-sleeved t-shirt, green and gray, shorts, light brown, sandals, backpack, glasses"
1426,"female, short-sleeved t-shirt, dark blue shorts, flip-flops, backpack, no glasses, no hat"
1427,"female, pink dress, pink bag, white hat, flip flops"
1428,"male, black short-sleeved t-shirt, brown patterned shorts, flip-flops, black cap, no visible backpack, no visible glasses"
1429,"male, t-shirt, khaki shorts, sneakers, backpack, cap"
1430,"male, black t-shirt, light gray shorts, blue sneakers, black cap, no visible accessories"
1431,"female, short-sleeved shirt, grayish, capri pants, dark blue, sandals, hair tied back, no visible backpack, no visible glasses, no visible hat"
1432,"female, light yellow tiered sundress, barefoot, no visible accessories, no glasses, no hat, no backpack"
1433,"male, polo shirt, black, cargo pants, beige, brown shoes, no visible accessories, no glasses, no hat, no backpack"
1434,"female, white t-shirt with green lettering, dark green shorts, black sneakers, black backpack with yellow straps, blonde hair, no visible glasses or hat"
1435,"female, t-shirt, white, shorts, black, flip-flops, no visible accessories, no backpack, no glasses, no hat"
1436,"male, short-sleeved t-shirt, lime green, loose-fit trousers, dark grey, sneakers, no visible accessories, no hat, no glasses, no backpack"
1437,"male, green short-sleeved shirt, black pants, blue and yellow sneakers, black backpack, no visible glasses, no visible hat"
1438,"male, short-sleeved shirt, light blue, shorts, gray, sneakers, backpack, dark gray, no glasses, no hat"
1439,"male, green t-shirt, dark grey shorts, black socks, black sneakers, glasses, cap"
1440,"female, red short-sleeved shirt, black shorts, flip-flops, no visible backpack, no visible glasses, no visible hat"
1441,"female, short-sleeved shirt, teal, shorts, light gray, sandals, no visible accessories"
1442,"male, t-shirt, gray, shorts, white, sandals, no visible accessories, no hat, no glasses"
1443,"male, t-shirt, khaki shorts, flip-flops, glasses, no backpack, no hat"
1444,"male, white t-shirt, teal graphic, dark green shorts, brown flip-flops, black baseball cap, no visible backpack, no visible glasses, no visible hat"
1445,"male, t-shirt, khaki shorts, sneakers, glasses, brown hair"
1446,"female, black sleeveless dress, black skirt, red shoes, transparent plastic bag, no visible backpack, no visible glasses, no visible hat"
1447,"male, t-shirt, purple, jeans, white sneakers, backpack, no glasses, no hat"
1448,"female, purple t-shirt, black pants, white sneakers, black backpack"
1449,"male, black t-shirt, grey shorts, dark-colored sneakers, green and yellow backpack, blonde hair tied back, no visible glasses, no visible hat"
1450,"female, red short-sleeved shirt, white pants, dark-colored flat shoes, green patterned backpack, dark hair, no visible glasses or hat"
1451,"female, black short-sleeved top, light blue jeans, brown sandals, glasses, green shoulder bag"
1452,"female, sleeveless dress, gray, pink flip flops, long dark hair, no visible accessories"
1453,"female, black short-sleeved top, black and white patterned skirt, flip-flops, no visible accessories, no glasses, no hat"
1454,"female, white long-sleeved shirt, dark blue jeans, white sneakers, black backpack, no visible glasses or hat"
1455,"male, short-sleeved t-shirt, gray, shorts, dark gray, sandals, black shoulder bag"
1456,"female, short-sleeved t-shirt, red, shorts, gray, flip-flops, no visible accessories, long dark hair, no glasses, no hat, no backpack"
1457,"male, gray t-shirt, teal shorts, white flip-flops, no visible accessories, no hat, no glasses, no backpack"
1458,"male, button-up shirt, light gray, dark gray pants, white sneakers, no visible accessories, short dark hair"
1459,"male, short-sleeved button-up shirt, light blue, shorts, light beige, sandals, backpack, dark-colored, beard, no glasses, no hat"
1460,"female, black short-sleeved top, black skirt, light-colored flat shoes, gray crossbody bag"
1461,"female, white sleeveless top, light blue jeans, brown sandals, beige shoulder bag, glasses"
1462,"female, white short-sleeved shirt, black skirt, black shoulder bag, black flat shoes, black hat"
1463,"female, dress, pink, high heels, umbrella, red bag"
1464,"female, short-sleeved t-shirt, pink, denim shorts, flip-flops, no visible accessories"
1465,"female, yellow t-shirt, white shorts, barefoot, long dark hair in a ponytail, no visible accessories, no glasses, no hat, no backpack"
1466,"male, white t-shirt, black shorts, pink sneakers, black backpack"
1467,"female, short-sleeved top, brown, shorts, brown, flat shoes, shoulder bag, dark hair, no glasses, no hat, no backpack"
1468,"male, t-shirt, gray, shorts, brown, flip-flops, no visible accessories, no hat, no glasses, no backpack"
1469,"female, short-sleeved top, light beige, denim shorts, light beige flat shoes, light green shoulder bag"
1470,"male, t-shirt, green, shorts, sandals, backpack"
1471,"male, gray t-shirt, dark gray shorts, flip-flops, no visible accessories, no hat, no glasses, no backpack"
1472,"male, black t-shirt, black shorts, white flip-flops, no visible backpack, no visible glasses, no visible hat"
1473,"male, black short-sleeved t-shirt, plaid shorts, light-colored flip-flops, black shoulder bag, no visible glasses, no visible hat"
1474,"male, polo shirt, light gray, khaki pants, dark brown shoes, backpack, no glasses, no hat"
1475,"female, white short-sleeved t-shirt, black shorts, sandals, yellow shoulder bag"
1476,"male, checkered short-sleeve shirt, dark gray shorts, white sneakers, no visible accessories, no hat, no glasses, no backpack"
1477,"male, gray t-shirt, black shorts, dark-colored sneakers, no visible backpack, no visible glasses, no visible hat"
1478,"male, purple t-shirt, black pants, white sneakers, glasses, no visible backpack, no visible hat"
1479,"female, striped short-sleeved shirt, dark blue jeans, white sneakers, pink handbag, long dark hair, no visible glasses, no visible hat, no visible backpack"
1480,"female, pink short-sleeved shirt, dark gray capri pants, light brown flat sandals, shoulder bag with yellow and brown pattern, dark red tote bag, no visible glasses or hat"
1481,"male, red t-shirt, grey shorts, white slip-on shoes, black backpack with white logo, black cap, no glasses"
1482,"male, black t-shirt, camouflage shorts, flip-flops, glasses, no visible backpack or hat"
1483,"male, t-shirt, white, shorts, light gray, flip-flops, backpack, red and black, hat, black"
1484,"female, dark blue short-sleeved top, light blue denim shorts, pink flip-flops, pink umbrella, pink handbag"
1485,"male, short-sleeved shirt, light blue, light-colored pants, white sneakers, backpack, dark-colored backpack, no visible glasses, no visible hat"
1486,"male, light blue short-sleeved shirt, dark shorts, white sneakers, backpack, no visible glasses, no visible hat"
1487,"male, red short-sleeved shirt, black pants, black shoes, no visible accessories, no hat, no glasses, no backpack"
1488,"male, dark gray t-shirt, black and white striped shorts, dark-colored sandals, black baseball cap, no visible backpack, no visible glasses"
1489,"female, white short-sleeved blouse, brown shorts, barefoot, no visible backpack, no visible glasses, no visible hat"
1490,"female, short-sleeved t-shirt, light gray, black skirt, flip-flops, dark hair in ponytail, no visible backpack, no visible glasses, no visible hat"
1491,"male, yellow t-shirt, dark gray capri pants, yellow sneakers, green baseball cap, no visible backpack, no visible glasses"
1492,"female, black short-sleeved top, black pants, black shoes, dark hair, no visible accessories, no glasses, no hat, no backpack"
1493,"male, dark blue short-sleeved polo shirt, gray knee-length shorts, flip-flops, no visible accessories, no glasses, no hat"
1494,"male, plaid short-sleeved shirt, dark shorts, sandals, no visible accessories, no hat, no glasses, no backpack"
1495,"female, light gray dress, white dress, sandals, brown shoulder bag, no glasses, no hat, no backpack"
1496,"female, black t-shirt, black shorts, light-colored flat shoes, white umbrella, brown handbag"
1497,"male, yellow t-shirt, dark blue denim shorts, brown slip-on shoes, black baseball cap, eyeglasses"
1498,"male, short-sleeved t-shirt, orange, loose-fitting pants, black, athletic shoes, no visible accessories, no backpack, no glasses, no hat"
1499,"male, yellow short-sleeved jersey, dark pants, green sneakers, no visible accessories, no glasses, no hat, no backpack"
1500,"male, t-shirt, light blue, shorts, beige, flip-flops, backpack, dark blue, no glasses, no hat"
1501,"female, light green short-sleeved top, light-colored shorts, light-colored flat shoes, black backpack, dark hair, no visible glasses, no visible hat"
